GDP Rank,country,year,# of Missing Datapoints,Life Ladder With Gaps,Consecutive Missing,New Value,Life Ladder
1,United States,2005,1,0.000,,7.182,7.182
1,United States,2006,1,7.182,0,,7.182
1,United States,2007,1,7.513,0,,7.513
1,United States,2008,1,7.280,0,,7.280
1,United States,2009,1,7.158,0,,7.158
1,United States,2010,1,7.164,0,,7.164
1,United States,2011,1,7.115,0,,7.115
1,United States,2012,1,7.026,0,,7.026
1,United States,2013,1,7.249,0,,7.249
1,United States,2014,1,7.151,0,,7.151
1,United States,2015,1,6.864,0,,6.864
1,United States,2016,1,6.804,0,,6.804
1,United States,2017,1,6.992,0,,6.992
2,China,2005,1,0.000,1,5.776,5.776
2,China,2006,1,4.560,0,,4.560
2,China,2007,1,4.863,0,,4.863
2,China,2008,1,4.846,0,,4.846
2,China,2009,1,4.454,0,,4.454
2,China,2010,1,4.653,0,,4.653
2,China,2011,1,5.037,0,,5.037
2,China,2012,1,5.095,0,,5.095
2,China,2013,1,5.241,0,,5.241
2,China,2014,1,5.196,0,,5.196
2,China,2015,1,5.304,0,,5.304
2,China,2016,1,5.325,0,,5.325
2,China,2017,1,5.099,0,,5.099
3,Japan,2005,1,6.516,0,,6.516
3,Japan,2006,1,0.000,1,6.377,6.377
3,Japan,2007,1,6.238,0,,6.238
3,Japan,2008,1,5.911,0,,5.911
3,Japan,2009,1,5.845,0,,5.845
3,Japan,2010,1,6.057,0,,6.057
3,Japan,2011,1,6.263,0,,6.263
3,Japan,2012,1,5.968,0,,5.968
3,Japan,2013,1,5.959,0,,5.959
3,Japan,2014,1,5.923,0,,5.923
3,Japan,2015,1,5.880,0,,5.880
3,Japan,2016,1,5.955,0,,5.955
3,Japan,2017,1,5.911,0,,5.911
4,Germany,2005,1,6.620,0,,6.620
4,Germany,2006,1,0.000,1,6.518,6.518
4,Germany,2007,1,6.417,0,,6.417
4,Germany,2008,1,6.522,0,,6.522
4,Germany,2009,1,6.641,0,,6.641
4,Germany,2010,1,6.725,0,,6.725
4,Germany,2011,1,6.621,0,,6.621
4,Germany,2012,1,6.702,0,,6.702
4,Germany,2013,1,6.965,0,,6.965
4,Germany,2014,1,6.984,0,,6.984
4,Germany,2015,1,7.037,0,,7.037
4,Germany,2016,1,6.874,0,,6.874
4,Germany,2017,1,7.074,0,,7.074
5,United Kingdom,2005,1,6.984,0,,6.984
5,United Kingdom,2006,1,0.000,1,6.893,6.893
5,United Kingdom,2007,1,6.802,0,,6.802
5,United Kingdom,2008,1,6.986,0,,6.986
5,United Kingdom,2009,1,6.907,0,,6.907
5,United Kingdom,2010,1,7.029,0,,7.029
5,United Kingdom,2011,1,6.869,0,,6.869
5,United Kingdom,2012,1,6.881,0,,6.881
5,United Kingdom,2013,1,6.918,0,,6.918
5,United Kingdom,2014,1,6.758,0,,6.758
5,United Kingdom,2015,1,6.515,0,,6.515
5,United Kingdom,2016,1,6.824,0,,6.824
5,United Kingdom,2017,1,7.103,0,,7.103
6,France,2005,1,7.093,0,,7.093
6,France,2006,1,6.583,0,,6.583
6,France,2007,1,0.000,1,6.795,6.795
6,France,2008,1,7.008,0,,7.008
6,France,2009,1,6.283,0,,6.283
6,France,2010,1,6.798,0,,6.798
6,France,2011,1,6.959,0,,6.959
6,France,2012,1,6.649,0,,6.649
6,France,2013,1,6.667,0,,6.667
6,France,2014,1,6.467,0,,6.467
6,France,2015,1,6.358,0,,6.358
6,France,2016,1,6.475,0,,6.475
6,France,2017,1,6.635,0,,6.635
7,India,2005,1,0.000,1,5.992,5.992
7,India,2006,1,5.348,0,,5.348
7,India,2007,1,5.027,0,,5.027
7,India,2008,1,5.146,0,,5.146
7,India,2009,1,4.522,0,,4.522
7,India,2010,1,4.989,0,,4.989
7,India,2011,1,4.635,0,,4.635
7,India,2012,1,4.720,0,,4.720
7,India,2013,1,4.428,0,,4.428
7,India,2014,1,4.424,0,,4.424
7,India,2015,1,4.342,0,,4.342
7,India,2016,1,4.179,0,,4.179
7,India,2017,1,4.046,0,,4.046
8,Italy,2005,1,6.854,0,,6.854
8,Italy,2006,1,0.000,1,6.714,6.714
8,Italy,2007,1,6.574,0,,6.574
8,Italy,2008,1,6.780,0,,6.780
8,Italy,2009,1,6.334,0,,6.334
8,Italy,2010,1,6.354,0,,6.354
8,Italy,2011,1,6.057,0,,6.057
8,Italy,2012,1,5.839,0,,5.839
8,Italy,2013,1,6.009,0,,6.009
8,Italy,2014,1,6.027,0,,6.027
8,Italy,2015,1,5.848,0,,5.848
8,Italy,2016,1,5.955,0,,5.955
8,Italy,2017,1,6.199,0,,6.199
9,Brazil,2005,1,6.637,0,,6.637
9,Brazil,2006,1,0.000,1,6.479,6.479
9,Brazil,2007,1,6.321,0,,6.321
9,Brazil,2008,1,6.691,0,,6.691
9,Brazil,2009,1,7.001,0,,7.001
9,Brazil,2010,1,6.837,0,,6.837
9,Brazil,2011,1,7.038,0,,7.038
9,Brazil,2012,1,6.660,0,,6.660
9,Brazil,2013,1,7.140,0,,7.140
9,Brazil,2014,1,6.981,0,,6.981
9,Brazil,2015,1,6.547,0,,6.547
9,Brazil,2016,1,6.375,0,,6.375
9,Brazil,2017,1,6.333,0,,6.333
10,Canada,2005,2,7.418,0,,7.418
10,Canada,2006,2,0.000,1,7.450,7.450
10,Canada,2007,2,7.482,0,,7.482
10,Canada,2008,2,7.486,0,,7.486
10,Canada,2009,2,7.488,0,,7.488
10,Canada,2010,2,7.650,0,,7.650
10,Canada,2011,2,7.426,0,,7.426
10,Canada,2012,2,7.415,0,,7.415
10,Canada,2013,2,7.594,0,,7.594
10,Canada,2014,2,7.304,0,,7.304
10,Canada,2015,2,7.413,0,,7.413
10,Canada,2016,2,7.245,0,,7.245
10,Canada,2017,2,0.000,1,6.607,6.607
11,South Korea,2005,1,0.000,2,5.970,5.970
11,South Korea,2006,1,5.332,0,,5.332
11,South Korea,2007,1,5.767,0,,5.767
11,South Korea,2008,1,5.390,0,,5.390
11,South Korea,2009,1,5.648,0,,5.648
11,South Korea,2010,1,6.116,0,,6.116
11,South Korea,2011,1,6.947,0,,6.947
11,South Korea,2012,1,6.003,0,,6.003
11,South Korea,2013,1,5.959,0,,5.959
11,South Korea,2014,1,5.801,0,,5.801
11,South Korea,2015,1,5.780,0,,5.780
11,South Korea,2016,1,5.971,0,,5.971
11,South Korea,2017,1,5.874,0,,5.874
12,Russia,2005,1,0.000,1,5.419,5.419
12,Russia,2006,1,4.964,0,,4.964
12,Russia,2007,1,5.223,0,,5.223
12,Russia,2008,1,5.619,0,,5.619
12,Russia,2009,1,5.158,0,,5.158
12,Russia,2010,1,5.385,0,,5.385
12,Russia,2011,1,5.389,0,,5.389
12,Russia,2012,1,5.621,0,,5.621
12,Russia,2013,1,5.537,0,,5.537
12,Russia,2014,1,6.037,0,,6.037
12,Russia,2015,1,5.996,0,,5.996
12,Russia,2016,1,5.855,0,,5.855
12,Russia,2017,1,5.579,0,,5.579
13,Spain,2005,1,7.153,0,,7.153
13,Spain,2006,1,0.000,1,7.074,7.074
13,Spain,2007,1,6.995,0,,6.995
13,Spain,2008,1,7.294,0,,7.294
13,Spain,2009,1,6.199,0,,6.199
13,Spain,2010,1,6.188,0,,6.188
13,Spain,2011,1,6.518,0,,6.518
13,Spain,2012,1,6.291,0,,6.291
13,Spain,2013,1,6.150,0,,6.150
13,Spain,2014,1,6.456,0,,6.456
13,Spain,2015,1,6.381,0,,6.381
13,Spain,2016,1,6.319,0,,6.319
13,Spain,2017,1,6.230,0,,6.230
14,Australia,2005,2,7.341,0,,7.341
14,Australia,2006,2,0.000,1,7.313,7.313
14,Australia,2007,2,7.285,0,,7.285
14,Australia,2008,2,7.254,0,,7.254
14,Australia,2009,2,0.000,1,7.352,7.352
14,Australia,2010,2,7.450,0,,7.450
14,Australia,2011,2,7.406,0,,7.406
14,Australia,2012,2,7.196,0,,7.196
14,Australia,2013,2,7.364,0,,7.364
14,Australia,2014,2,7.289,0,,7.289
14,Australia,2015,2,7.309,0,,7.309
14,Australia,2016,2,7.250,0,,7.250
14,Australia,2017,2,7.257,0,,7.257
15,Mexico,2005,1,6.581,0,,6.581
15,Mexico,2006,1,0.000,1,6.553,6.553
15,Mexico,2007,1,6.525,0,,6.525
15,Mexico,2008,1,6.829,0,,6.829
15,Mexico,2009,1,6.963,0,,6.963
15,Mexico,2010,1,6.802,0,,6.802
15,Mexico,2011,1,6.910,0,,6.910
15,Mexico,2012,1,7.320,0,,7.320
15,Mexico,2013,1,7.443,0,,7.443
15,Mexico,2014,1,6.680,0,,6.680
15,Mexico,2015,1,6.236,0,,6.236
15,Mexico,2016,1,6.824,0,,6.824
15,Mexico,2017,1,6.410,0,,6.410
16,Indonesia,2005,1,0.000,1,5.679,5.679
16,Indonesia,2006,1,4.947,0,,4.947
16,Indonesia,2007,1,5.101,0,,5.101
16,Indonesia,2008,1,4.815,0,,4.815
16,Indonesia,2009,1,5.472,0,,5.472
16,Indonesia,2010,1,5.457,0,,5.457
16,Indonesia,2011,1,5.173,0,,5.173
16,Indonesia,2012,1,5.368,0,,5.368
16,Indonesia,2013,1,5.292,0,,5.292
16,Indonesia,2014,1,5.597,0,,5.597
16,Indonesia,2015,1,5.043,0,,5.043
16,Indonesia,2016,1,5.136,0,,5.136
16,Indonesia,2017,1,5.098,0,,5.098
17,Turkey,2005,1,4.719,0,,4.719
17,Turkey,2006,1,0.000,1,5.171,5.171
17,Turkey,2007,1,5.623,0,,5.623
17,Turkey,2008,1,5.118,0,,5.118
17,Turkey,2009,1,5.213,0,,5.213
17,Turkey,2010,1,5.490,0,,5.490
17,Turkey,2011,1,5.272,0,,5.272
17,Turkey,2012,1,5.309,0,,5.309
17,Turkey,2013,1,4.888,0,,4.888
17,Turkey,2014,1,5.580,0,,5.580
17,Turkey,2015,1,5.514,0,,5.514
17,Turkey,2016,1,5.326,0,,5.326
17,Turkey,2017,1,5.607,0,,5.607
18,Netherlands,2005,2,7.464,0,,7.464
18,Netherlands,2006,2,0.000,1,7.458,7.458
18,Netherlands,2007,2,7.452,0,,7.452
18,Netherlands,2008,2,7.631,0,,7.631
18,Netherlands,2009,2,0.000,1,7.566,7.566
18,Netherlands,2010,2,7.502,0,,7.502
18,Netherlands,2011,2,7.564,0,,7.564
18,Netherlands,2012,2,7.471,0,,7.471
18,Netherlands,2013,2,7.407,0,,7.407
18,Netherlands,2014,2,7.321,0,,7.321
18,Netherlands,2015,2,7.324,0,,7.324
18,Netherlands,2016,2,7.541,0,,7.541
18,Netherlands,2017,2,7.459,0,,7.459
19,Switzerland,2005,6,0.000,1,7.466,7.466
19,Switzerland,2006,6,7.473,0,,7.473
19,Switzerland,2007,6,0.000,1,7.490,7.490
19,Switzerland,2008,6,0.000,2,7.507,7.507
19,Switzerland,2009,6,7.525,0,,7.525
19,Switzerland,2010,6,0.000,1,7.608,7.608
19,Switzerland,2011,6,0.000,2,7.692,7.692
19,Switzerland,2012,6,7.776,0,,7.776
19,Switzerland,2013,6,0.000,1,7.635,7.635
19,Switzerland,2014,6,7.493,0,,7.493
19,Switzerland,2015,6,7.572,0,,7.572
19,Switzerland,2016,6,7.459,0,,7.459
19,Switzerland,2017,6,7.474,0,,7.474
20,Saudi Arabia,2005,1,7.080,0,,7.080
20,Saudi Arabia,2006,1,0.000,1,7.173,7.173
20,Saudi Arabia,2007,1,7.267,0,,7.267
20,Saudi Arabia,2008,1,6.811,0,,6.811
20,Saudi Arabia,2009,1,6.148,0,,6.148
20,Saudi Arabia,2010,1,6.307,0,,6.307
20,Saudi Arabia,2011,1,6.700,0,,6.700
20,Saudi Arabia,2012,1,6.396,0,,6.396
20,Saudi Arabia,2013,1,6.495,0,,6.495
20,Saudi Arabia,2014,1,6.278,0,,6.278
20,Saudi Arabia,2015,1,6.345,0,,6.345
20,Saudi Arabia,2016,1,6.474,0,,6.474
20,Saudi Arabia,2017,1,6.294,0,,6.294
21,Argentina,2005,1,0.000,1,6.304,6.304
21,Argentina,2006,1,6.313,0,,6.313
21,Argentina,2007,1,6.073,0,,6.073
21,Argentina,2008,1,5.961,0,,5.961
21,Argentina,2009,1,6.424,0,,6.424
21,Argentina,2010,1,6.441,0,,6.441
21,Argentina,2011,1,6.776,0,,6.776
21,Argentina,2012,1,6.468,0,,6.468
21,Argentina,2013,1,6.582,0,,6.582
21,Argentina,2014,1,6.671,0,,6.671
21,Argentina,2015,1,6.697,0,,6.697
21,Argentina,2016,1,6.427,0,,6.427
21,Argentina,2017,1,6.039,0,,6.039
22,Sweden,2005,1,7.376,0,,7.376
22,Sweden,2006,1,0.000,1,7.309,7.309
22,Sweden,2007,1,7.241,0,,7.241
22,Sweden,2008,1,7.516,0,,7.516
22,Sweden,2009,1,7.266,0,,7.266
22,Sweden,2010,1,7.496,0,,7.496
22,Sweden,2011,1,7.382,0,,7.382
22,Sweden,2012,1,7.560,0,,7.560
22,Sweden,2013,1,7.434,0,,7.434
22,Sweden,2014,1,7.239,0,,7.239
22,Sweden,2015,1,7.289,0,,7.289
22,Sweden,2016,1,7.369,0,,7.369
22,Sweden,2017,1,7.287,0,,7.287
23,Poland,2005,2,5.587,0,,5.587
23,Poland,2006,2,0.000,1,5.737,5.737
23,Poland,2007,2,5.886,0,,5.886
23,Poland,2008,2,0.000,1,5.829,5.829
23,Poland,2009,2,5.772,0,,5.772
23,Poland,2010,2,5.887,0,,5.887
23,Poland,2011,2,5.646,0,,5.646
23,Poland,2012,2,5.876,0,,5.876
23,Poland,2013,2,5.746,0,,5.746
23,Poland,2014,2,5.750,0,,5.750
23,Poland,2015,2,6.007,0,,6.007
23,Poland,2016,2,6.162,0,,6.162
23,Poland,2017,2,6.201,0,,6.201
24,Belgium,2005,1,7.262,0,,7.262
24,Belgium,2006,1,0.000,1,7.241,7.241
24,Belgium,2007,1,7.219,0,,7.219
24,Belgium,2008,1,7.117,0,,7.117
24,Belgium,2009,1,7.017,0,,7.017
24,Belgium,2010,1,6.854,0,,6.854
24,Belgium,2011,1,7.111,0,,7.111
24,Belgium,2012,1,6.935,0,,6.935
24,Belgium,2013,1,7.104,0,,7.104
24,Belgium,2014,1,6.855,0,,6.855
24,Belgium,2015,1,6.904,0,,6.904
24,Belgium,2016,1,6.949,0,,6.949
24,Belgium,2017,1,6.928,0,,6.928
25,Iran,2005,3,5.308,0,,5.308
25,Iran,2006,3,0.000,1,5.322,5.322
25,Iran,2007,3,5.336,0,,5.336
25,Iran,2008,3,5.129,0,,5.129
25,Iran,2009,3,0.000,1,5.008,5.008
25,Iran,2010,3,0.000,2,4.888,4.888
25,Iran,2011,3,4.768,0,,4.768
25,Iran,2012,3,4.609,0,,4.609
25,Iran,2013,3,5.140,0,,5.140
25,Iran,2014,3,4.682,0,,4.682
25,Iran,2015,3,4.750,0,,4.750
25,Iran,2016,3,4.653,0,,4.653
25,Iran,2017,3,4.717,0,,4.717
26,Thailand,2005,1,0.000,1,5.301,5.301
26,Thailand,2006,1,5.885,0,,5.885
26,Thailand,2007,1,5.784,0,,5.784
26,Thailand,2008,1,5.636,0,,5.636
26,Thailand,2009,1,5.476,0,,5.476
26,Thailand,2010,1,6.217,0,,6.217
26,Thailand,2011,1,6.664,0,,6.664
26,Thailand,2012,1,6.300,0,,6.300
26,Thailand,2013,1,6.231,0,,6.231
26,Thailand,2014,1,6.985,0,,6.985
26,Thailand,2015,1,6.202,0,,6.202
26,Thailand,2016,1,6.074,0,,6.074
26,Thailand,2017,1,5.939,0,,5.939
27,Nigeria,2005,3,0.000,1,5.324,5.324
27,Nigeria,2006,3,4.710,0,,4.710
27,Nigeria,2007,3,4.890,0,,4.890
27,Nigeria,2008,3,4.939,0,,4.939
27,Nigeria,2009,3,4.980,0,,4.980
27,Nigeria,2010,3,4.760,0,,4.760
27,Nigeria,2011,3,0.000,1,5.127,5.127
27,Nigeria,2012,3,5.493,0,,5.493
27,Nigeria,2013,3,4.818,0,,4.818
27,Nigeria,2014,3,0.000,1,4.875,4.875
27,Nigeria,2015,3,4.933,0,,4.933
27,Nigeria,2016,3,5.220,0,,5.220
27,Nigeria,2017,3,5.322,0,,5.322
28,Austria,2005,3,0.000,1,6.222,6.222
28,Austria,2006,3,7.122,0,,7.122
28,Austria,2007,3,0.000,1,7.152,7.152
28,Austria,2008,3,7.181,0,,7.181
28,Austria,2009,3,0.000,1,7.242,7.242
28,Austria,2010,3,7.303,0,,7.303
28,Austria,2011,3,7.471,0,,7.471
28,Austria,2012,3,7.401,0,,7.401
28,Austria,2013,3,7.499,0,,7.499
28,Austria,2014,3,6.950,0,,6.950
28,Austria,2015,3,7.076,0,,7.076
28,Austria,2016,3,7.048,0,,7.048
28,Austria,2017,3,7.294,0,,7.294
29,Norway,2005,6,0.000,1,7.355,7.355
29,Norway,2006,6,7.416,0,,7.416
29,Norway,2007,6,0.000,1,7.524,7.524
29,Norway,2008,6,7.632,0,,7.632
29,Norway,2009,6,0.000,1,7.644,7.644
29,Norway,2010,6,0.000,2,7.655,7.655
29,Norway,2011,6,0.000,3,7.667,7.667
29,Norway,2012,6,7.678,0,,7.678
29,Norway,2013,6,0.000,1,7.561,7.561
29,Norway,2014,6,7.444,0,,7.444
29,Norway,2015,6,7.603,0,,7.603
29,Norway,2016,6,7.596,0,,7.596
29,Norway,2017,6,7.579,0,,7.579
30,Egypt,2005,1,5.168,0,,5.168
30,Egypt,2006,1,0.000,1,5.354,5.354
30,Egypt,2007,1,5.541,0,,5.541
30,Egypt,2008,1,4.632,0,,4.632
30,Egypt,2009,1,5.066,0,,5.066
30,Egypt,2010,1,4.669,0,,4.669
30,Egypt,2011,1,4.174,0,,4.174
30,Egypt,2012,1,4.204,0,,4.204
30,Egypt,2013,1,3.559,0,,3.559
30,Egypt,2014,1,4.885,0,,4.885
30,Egypt,2015,1,4.763,0,,4.763
30,Egypt,2016,1,4.557,0,,4.557
30,Egypt,2017,1,3.929,0,,3.929
31,Israel,2005,1,0.000,1,5.551,5.551
31,Israel,2006,1,7.173,0,,7.173
31,Israel,2007,1,6.841,0,,6.841
31,Israel,2008,1,7.261,0,,7.261
31,Israel,2009,1,7.353,0,,7.353
31,Israel,2010,1,7.359,0,,7.359
31,Israel,2011,1,7.433,0,,7.433
31,Israel,2012,1,7.111,0,,7.111
31,Israel,2013,1,7.321,0,,7.321
31,Israel,2014,1,7.401,0,,7.401
31,Israel,2015,1,7.079,0,,7.079
31,Israel,2016,1,7.159,0,,7.159
31,Israel,2017,1,7.331,0,,7.331
32,Denmark,2005,1,8.019,0,,8.019
32,Denmark,2006,1,0.000,1,7.927,7.927
32,Denmark,2007,1,7.834,0,,7.834
32,Denmark,2008,1,7.971,0,,7.971
32,Denmark,2009,1,7.683,0,,7.683
32,Denmark,2010,1,7.771,0,,7.771
32,Denmark,2011,1,7.788,0,,7.788
32,Denmark,2012,1,7.520,0,,7.520
32,Denmark,2013,1,7.589,0,,7.589
32,Denmark,2014,1,7.508,0,,7.508
32,Denmark,2015,1,7.514,0,,7.514
32,Denmark,2016,1,7.558,0,,7.558
32,Denmark,2017,1,7.594,0,,7.594
33,Philippines,2005,1,0.000,1,6.132,6.132
33,Philippines,2006,1,4.670,0,,4.670
33,Philippines,2007,1,5.074,0,,5.074
33,Philippines,2008,1,4.589,0,,4.589
33,Philippines,2009,1,4.880,0,,4.880
33,Philippines,2010,1,4.942,0,,4.942
33,Philippines,2011,1,4.994,0,,4.994
33,Philippines,2012,1,5.002,0,,5.002
33,Philippines,2013,1,4.977,0,,4.977
33,Philippines,2014,1,5.313,0,,5.313
33,Philippines,2015,1,5.547,0,,5.547
33,Philippines,2016,1,5.431,0,,5.431
33,Philippines,2017,1,5.594,0,,5.594
34,Ireland,2005,2,0.000,1,6.369,6.369
34,Ireland,2006,2,7.144,0,,7.144
34,Ireland,2007,2,0.000,1,7.356,7.356
34,Ireland,2008,2,7.568,0,,7.568
34,Ireland,2009,2,7.046,0,,7.046
34,Ireland,2010,2,7.257,0,,7.257
34,Ireland,2011,2,7.007,0,,7.007
34,Ireland,2012,2,6.965,0,,6.965
34,Ireland,2013,2,6.760,0,,6.760
34,Ireland,2014,2,7.018,0,,7.018
34,Ireland,2015,2,6.830,0,,6.830
34,Ireland,2016,2,7.041,0,,7.041
34,Ireland,2017,2,7.060,0,,7.060
35,Singapore,2005,2,0.000,1,6.761,6.761
35,Singapore,2006,2,6.463,0,,6.463
35,Singapore,2007,2,6.834,0,,6.834
35,Singapore,2008,2,6.642,0,,6.642
35,Singapore,2009,2,6.145,0,,6.145
35,Singapore,2010,2,6.531,0,,6.531
35,Singapore,2011,2,6.561,0,,6.561
35,Singapore,2012,2,0.000,1,6.547,6.547
35,Singapore,2013,2,6.533,0,,6.533
35,Singapore,2014,2,7.062,0,,7.062
35,Singapore,2015,2,6.620,0,,6.620
35,Singapore,2016,2,6.033,0,,6.033
35,Singapore,2017,2,6.378,0,,6.378
36,Malaysia,2005,3,0.000,1,6.195,6.195
36,Malaysia,2006,3,6.012,0,,6.012
36,Malaysia,2007,3,6.239,0,,6.239
36,Malaysia,2008,3,5.807,0,,5.807
36,Malaysia,2009,3,5.385,0,,5.385
36,Malaysia,2010,3,5.580,0,,5.580
36,Malaysia,2011,3,5.786,0,,5.786
36,Malaysia,2012,3,5.914,0,,5.914
36,Malaysia,2013,3,5.770,0,,5.770
36,Malaysia,2014,3,5.963,0,,5.963
36,Malaysia,2015,3,6.322,0,,6.322
36,Malaysia,2016,3,0.000,1,6.013,6.013
36,Malaysia,2017,3,0.000,2,5.703,5.703
37,South Africa,2005,1,0.000,3,5.394,5.394
37,South Africa,2006,1,5.084,0,,5.084
37,South Africa,2007,1,5.204,0,,5.204
37,South Africa,2008,1,5.346,0,,5.346
37,South Africa,2009,1,5.218,0,,5.218
37,South Africa,2010,1,4.652,0,,4.652
37,South Africa,2011,1,4.931,0,,4.931
37,South Africa,2012,1,5.134,0,,5.134
37,South Africa,2013,1,3.661,0,,3.661
37,South Africa,2014,1,4.828,0,,4.828
37,South Africa,2015,1,4.887,0,,4.887
37,South Africa,2016,1,4.770,0,,4.770
37,South Africa,2017,1,4.514,0,,4.514
38,Colombia,2005,1,0.000,1,5.269,5.269
38,Colombia,2006,1,6.025,0,,6.025
38,Colombia,2007,1,6.138,0,,6.138
38,Colombia,2008,1,6.168,0,,6.168
38,Colombia,2009,1,6.272,0,,6.272
38,Colombia,2010,1,6.408,0,,6.408
38,Colombia,2011,1,6.464,0,,6.464
38,Colombia,2012,1,6.375,0,,6.375
38,Colombia,2013,1,6.607,0,,6.607
38,Colombia,2014,1,6.449,0,,6.449
38,Colombia,2015,1,6.388,0,,6.388
38,Colombia,2016,1,6.234,0,,6.234
38,Colombia,2017,1,6.157,0,,6.157
39,Pakistan,2005,1,5.225,0,,5.225
39,Pakistan,2006,1,0.000,1,5.448,5.448
39,Pakistan,2007,1,5.671,0,,5.671
39,Pakistan,2008,1,4.414,0,,4.414
39,Pakistan,2009,1,5.208,0,,5.208
39,Pakistan,2010,1,5.786,0,,5.786
39,Pakistan,2011,1,5.267,0,,5.267
39,Pakistan,2012,1,5.132,0,,5.132
39,Pakistan,2013,1,5.138,0,,5.138
39,Pakistan,2014,1,5.436,0,,5.436
39,Pakistan,2015,1,4.823,0,,4.823
39,Pakistan,2016,1,5.549,0,,5.549
39,Pakistan,2017,1,5.831,0,,5.831
40,Chile,2005,1,0.000,1,5.947,5.947
40,Chile,2006,1,6.063,0,,6.063
40,Chile,2007,1,5.698,0,,5.698
40,Chile,2008,1,5.789,0,,5.789
40,Chile,2009,1,6.494,0,,6.494
40,Chile,2010,1,6.636,0,,6.636
40,Chile,2011,1,6.526,0,,6.526
40,Chile,2012,1,6.599,0,,6.599
40,Chile,2013,1,6.740,0,,6.740
40,Chile,2014,1,6.844,0,,6.844
40,Chile,2015,1,6.533,0,,6.533
40,Chile,2016,1,6.579,0,,6.579
40,Chile,2017,1,6.320,0,,6.320
41,Finland,2005,3,0.000,1,6.996,6.996
41,Finland,2006,3,7.672,0,,7.672
41,Finland,2007,3,0.000,1,7.672,7.672
41,Finland,2008,3,7.671,0,,7.671
41,Finland,2009,3,0.000,1,7.532,7.532
41,Finland,2010,3,7.393,0,,7.393
41,Finland,2011,3,7.354,0,,7.354
41,Finland,2012,3,7.420,0,,7.420
41,Finland,2013,3,7.445,0,,7.445
41,Finland,2014,3,7.385,0,,7.385
41,Finland,2015,3,7.448,0,,7.448
41,Finland,2016,3,7.660,0,,7.660
41,Finland,2017,3,7.788,0,,7.788
42,Bangladesh,2005,1,0.000,1,6.054,6.054
42,Bangladesh,2006,1,4.319,0,,4.319
42,Bangladesh,2007,1,4.607,0,,4.607
42,Bangladesh,2008,1,5.052,0,,5.052
42,Bangladesh,2009,1,5.083,0,,5.083
42,Bangladesh,2010,1,4.858,0,,4.858
42,Bangladesh,2011,1,4.986,0,,4.986
42,Bangladesh,2012,1,4.724,0,,4.724
42,Bangladesh,2013,1,4.660,0,,4.660
42,Bangladesh,2014,1,4.636,0,,4.636
42,Bangladesh,2015,1,4.633,0,,4.633
42,Bangladesh,2016,1,4.556,0,,4.556
42,Bangladesh,2017,1,4.310,0,,4.310
43,Vietnam,2005,1,0.000,1,4.802,4.802
43,Vietnam,2006,1,5.294,0,,5.294
43,Vietnam,2007,1,5.422,0,,5.422
43,Vietnam,2008,1,5.480,0,,5.480
43,Vietnam,2009,1,5.304,0,,5.304
43,Vietnam,2010,1,5.296,0,,5.296
43,Vietnam,2011,1,5.767,0,,5.767
43,Vietnam,2012,1,5.535,0,,5.535
43,Vietnam,2013,1,5.023,0,,5.023
43,Vietnam,2014,1,5.085,0,,5.085
43,Vietnam,2015,1,5.076,0,,5.076
43,Vietnam,2016,1,5.062,0,,5.062
43,Vietnam,2017,1,5.175,0,,5.175
44,Portugal,2005,3,0.000,1,5.290,5.290
44,Portugal,2006,3,5.405,0,,5.405
44,Portugal,2007,3,0.000,1,5.561,5.561
44,Portugal,2008,3,5.717,0,,5.717
44,Portugal,2009,3,0.000,1,5.406,5.406
44,Portugal,2010,3,5.095,0,,5.095
44,Portugal,2011,3,5.220,0,,5.220
44,Portugal,2012,3,4.994,0,,4.994
44,Portugal,2013,3,5.158,0,,5.158
44,Portugal,2014,3,5.127,0,,5.127
44,Portugal,2015,3,5.081,0,,5.081
44,Portugal,2016,3,5.447,0,,5.447
44,Portugal,2017,3,5.711,0,,5.711
45,Czech Republic,2005,3,6.439,0,,6.439
45,Czech Republic,2006,3,0.000,1,6.470,6.470
45,Czech Republic,2007,3,6.500,0,,6.500
45,Czech Republic,2008,3,0.000,1,6.417,6.417
45,Czech Republic,2009,3,0.000,2,6.333,6.333
45,Czech Republic,2010,3,6.250,0,,6.250
45,Czech Republic,2011,3,6.331,0,,6.331
45,Czech Republic,2012,3,6.334,0,,6.334
45,Czech Republic,2013,3,6.698,0,,6.698
45,Czech Republic,2014,3,6.484,0,,6.484
45,Czech Republic,2015,3,6.608,0,,6.608
45,Czech Republic,2016,3,6.736,0,,6.736
45,Czech Republic,2017,3,6.790,0,,6.790
46,Greece,2005,2,6.006,0,,6.006
46,Greece,2006,2,0.000,1,6.327,6.327
46,Greece,2007,2,6.647,0,,6.647
46,Greece,2008,2,0.000,1,6.343,6.343
46,Greece,2009,2,6.039,0,,6.039
46,Greece,2010,2,5.840,0,,5.840
46,Greece,2011,2,5.372,0,,5.372
46,Greece,2012,2,5.096,0,,5.096
46,Greece,2013,2,4.720,0,,4.720
46,Greece,2014,2,4.756,0,,4.756
46,Greece,2015,2,5.623,0,,5.623
46,Greece,2016,2,5.303,0,,5.303
46,Greece,2017,2,5.148,0,,5.148
47,Peru,2005,1,0.000,1,4.980,4.980
47,Peru,2006,1,4.811,0,,4.811
47,Peru,2007,1,5.214,0,,5.214
47,Peru,2008,1,5.129,0,,5.129
47,Peru,2009,1,5.519,0,,5.519
47,Peru,2010,1,5.613,0,,5.613
47,Peru,2011,1,5.892,0,,5.892
47,Peru,2012,1,5.825,0,,5.825
47,Peru,2013,1,5.783,0,,5.783
47,Peru,2014,1,5.866,0,,5.866
47,Peru,2015,1,5.577,0,,5.577
47,Peru,2016,1,5.701,0,,5.701
47,Peru,2017,1,5.711,0,,5.711
48,Romania,2005,2,5.049,0,,5.049
48,Romania,2006,2,0.000,1,5.221,5.221
48,Romania,2007,2,5.394,0,,5.394
48,Romania,2008,2,0.000,1,5.381,5.381
48,Romania,2009,2,5.368,0,,5.368
48,Romania,2010,2,4.909,0,,4.909
48,Romania,2011,2,5.023,0,,5.023
48,Romania,2012,2,5.167,0,,5.167
48,Romania,2013,2,5.082,0,,5.082
48,Romania,2014,2,5.727,0,,5.727
48,Romania,2015,2,5.777,0,,5.777
48,Romania,2016,2,5.969,0,,5.969
48,Romania,2017,2,6.090,0,,6.090
49,New Zealand,2005,2,0.000,1,6.697,6.697
49,New Zealand,2006,2,7.305,0,,7.305
49,New Zealand,2007,2,7.604,0,,7.604
49,New Zealand,2008,2,7.381,0,,7.381
49,New Zealand,2009,2,0.000,1,7.302,7.302
49,New Zealand,2010,2,7.224,0,,7.224
49,New Zealand,2011,2,7.191,0,,7.191
49,New Zealand,2012,2,7.250,0,,7.250
49,New Zealand,2013,2,7.280,0,,7.280
49,New Zealand,2014,2,7.306,0,,7.306
49,New Zealand,2015,2,7.418,0,,7.418
49,New Zealand,2016,2,7.226,0,,7.226
49,New Zealand,2017,2,7.327,0,,7.327
50,Iraq,2005,3,0.000,1,6.643,6.643
50,Iraq,2006,3,0.000,2,5.959,5.959
50,Iraq,2007,3,0.000,3,5.274,5.274
50,Iraq,2008,3,4.590,0,,4.590
50,Iraq,2009,3,4.775,0,,4.775
50,Iraq,2010,3,5.065,0,,5.065
50,Iraq,2011,3,4.725,0,,4.725
50,Iraq,2012,3,4.660,0,,4.660
50,Iraq,2013,3,4.725,0,,4.725
50,Iraq,2014,3,4.542,0,,4.542
50,Iraq,2015,3,4.493,0,,4.493
50,Iraq,2016,3,4.413,0,,4.413
50,Iraq,2017,3,4.462,0,,4.462
51,Algeria,2005,7,0.000,1,4.629,4.629
51,Algeria,2006,7,0.000,2,4.796,4.796
51,Algeria,2007,7,0.000,3,4.963,4.963
51,Algeria,2008,7,0.000,4,5.130,5.130
51,Algeria,2009,7,0.000,5,5.297,5.297
51,Algeria,2010,7,5.464,0,,5.464
51,Algeria,2011,7,5.317,0,,5.317
51,Algeria,2012,7,5.605,0,,5.605
51,Algeria,2013,7,0.000,1,5.980,5.980
51,Algeria,2014,7,6.355,0,,6.355
51,Algeria,2015,7,0.000,1,5.848,5.848
51,Algeria,2016,7,5.341,0,,5.341
51,Algeria,2017,7,5.249,0,,5.249
52,Qatar,2005,8,0.000,1,5.483,5.483
52,Qatar,2006,8,0.000,2,5.716,5.716
52,Qatar,2007,8,0.000,3,5.950,5.950
52,Qatar,2008,8,0.000,4,6.184,6.184
52,Qatar,2009,8,6.418,0,,6.418
52,Qatar,2010,8,6.850,0,,6.850
52,Qatar,2011,8,6.592,0,,6.592
52,Qatar,2012,8,6.611,0,,6.611
52,Qatar,2013,8,0.000,1,6.532,6.532
52,Qatar,2014,8,0.000,2,6.453,6.453
52,Qatar,2015,8,6.375,0,,6.375
52,Qatar,2016,8,0.000,1,6.150,6.150
52,Qatar,2017,8,0.000,2,5.925,5.925
53,Kazakhstan,2005,1,0.000,3,5.701,5.701
53,Kazakhstan,2006,1,5.476,0,,5.476
53,Kazakhstan,2007,1,5.719,0,,5.719
53,Kazakhstan,2008,1,5.886,0,,5.886
53,Kazakhstan,2009,1,5.383,0,,5.383
53,Kazakhstan,2010,1,5.514,0,,5.514
53,Kazakhstan,2011,1,5.736,0,,5.736
53,Kazakhstan,2012,1,5.759,0,,5.759
53,Kazakhstan,2013,1,5.835,0,,5.835
53,Kazakhstan,2014,1,5.970,0,,5.970
53,Kazakhstan,2015,1,5.950,0,,5.950
53,Kazakhstan,2016,1,5.534,0,,5.534
53,Kazakhstan,2017,1,5.882,0,,5.882
54,Hungary,2005,2,5.194,0,,5.194
54,Hungary,2006,2,0.000,1,5.074,5.074
54,Hungary,2007,2,4.954,0,,4.954
54,Hungary,2008,2,0.000,1,4.924,4.924
54,Hungary,2009,2,4.895,0,,4.895
54,Hungary,2010,2,4.725,0,,4.725
54,Hungary,2011,2,4.918,0,,4.918
54,Hungary,2012,2,4.683,0,,4.683
54,Hungary,2013,2,4.914,0,,4.914
54,Hungary,2014,2,5.181,0,,5.181
54,Hungary,2015,2,5.344,0,,5.344
54,Hungary,2016,2,5.449,0,,5.449
54,Hungary,2017,2,6.065,0,,6.065
55,Kuwait,2005,3,0.000,1,6.070,6.070
55,Kuwait,2006,3,6.076,0,,6.076
55,Kuwait,2007,3,0.000,1,6.245,6.245
55,Kuwait,2008,3,0.000,2,6.415,6.415
55,Kuwait,2009,3,6.585,0,,6.585
55,Kuwait,2010,3,6.798,0,,6.798
55,Kuwait,2011,3,6.378,0,,6.378
55,Kuwait,2012,3,6.221,0,,6.221
55,Kuwait,2013,3,6.480,0,,6.480
55,Kuwait,2014,3,6.180,0,,6.180
55,Kuwait,2015,3,6.146,0,,6.146
55,Kuwait,2016,3,5.947,0,,5.947
55,Kuwait,2017,3,6.094,0,,6.094
56,Morocco,2005,6,0.000,1,5.809,5.809
56,Morocco,2006,6,0.000,2,5.524,5.524
56,Morocco,2007,6,0.000,3,5.239,5.239
56,Morocco,2008,6,0.000,4,4.953,4.953
56,Morocco,2009,6,0.000,5,4.668,4.668
56,Morocco,2010,6,4.383,0,,4.383
56,Morocco,2011,6,5.085,0,,5.085
56,Morocco,2012,6,4.970,0,,4.970
56,Morocco,2013,6,5.142,0,,5.142
56,Morocco,2014,6,0.000,1,5.153,5.153
56,Morocco,2015,6,5.163,0,,5.163
56,Morocco,2016,6,5.386,0,,5.386
56,Morocco,2017,6,5.312,0,,5.312
57,Ecuador,2005,1,0.000,1,5.168,5.168
57,Ecuador,2006,1,5.024,0,,5.024
57,Ecuador,2007,1,4.996,0,,4.996
57,Ecuador,2008,1,5.297,0,,5.297
57,Ecuador,2009,1,6.022,0,,6.022
57,Ecuador,2010,1,5.838,0,,5.838
57,Ecuador,2011,1,5.795,0,,5.795
57,Ecuador,2012,1,5.961,0,,5.961
57,Ecuador,2013,1,6.019,0,,6.019
57,Ecuador,2014,1,5.946,0,,5.946
57,Ecuador,2015,1,5.964,0,,5.964
57,Ecuador,2016,1,6.115,0,,6.115
57,Ecuador,2017,1,5.840,0,,5.840
58,Sudan,2005,8,0.000,1,5.563,5.563
58,Sudan,2006,8,0.000,2,5.286,5.286
58,Sudan,2007,8,0.000,3,5.009,5.009
58,Sudan,2008,8,0.000,4,4.732,4.732
58,Sudan,2009,8,4.455,0,,4.455
58,Sudan,2010,8,4.435,0,,4.435
58,Sudan,2011,8,4.314,0,,4.314
58,Sudan,2012,8,4.550,0,,4.550
58,Sudan,2013,8,0.000,1,4.345,4.345
58,Sudan,2014,8,4.139,0,,4.139
58,Sudan,2015,8,0.000,1,4.284,4.284
58,Sudan,2016,8,0.000,2,4.429,4.429
58,Sudan,2017,8,0.000,3,4.574,4.574
59,Angola,2005,9,0.000,4,4.719,4.719
59,Angola,2006,9,0.000,5,4.864,4.864
59,Angola,2007,9,0.000,6,5.009,5.009
59,Angola,2008,9,0.000,7,5.154,5.154
59,Angola,2009,9,0.000,8,5.299,5.299
59,Angola,2010,9,0.000,9,5.444,5.444
59,Angola,2011,9,5.589,0,,5.589
59,Angola,2012,9,4.360,0,,4.360
59,Angola,2013,9,3.937,0,,3.937
59,Angola,2014,9,3.795,0,,3.795
59,Angola,2015,9,0.000,1,3.997,3.997
59,Angola,2016,9,0.000,2,4.198,4.198
59,Angola,2017,9,0.000,3,4.400,4.400
60,Ukraine,2005,1,0.000,4,4.602,4.602
60,Ukraine,2006,1,4.804,0,,4.804
60,Ukraine,2007,1,5.252,0,,5.252
60,Ukraine,2008,1,5.172,0,,5.172
60,Ukraine,2009,1,5.166,0,,5.166
60,Ukraine,2010,1,5.058,0,,5.058
60,Ukraine,2011,1,5.083,0,,5.083
60,Ukraine,2012,1,5.030,0,,5.030
60,Ukraine,2013,1,4.711,0,,4.711
60,Ukraine,2014,1,4.297,0,,4.297
60,Ukraine,2015,1,3.965,0,,3.965
60,Ukraine,2016,1,4.029,0,,4.029
60,Ukraine,2017,1,4.311,0,,4.311
61,Slovakia,2005,4,0.000,1,4.788,4.788
61,Slovakia,2006,4,5.265,0,,5.265
61,Slovakia,2007,4,0.000,1,5.462,5.462
61,Slovakia,2008,4,0.000,2,5.658,5.658
61,Slovakia,2009,4,0.000,3,5.855,5.855
61,Slovakia,2010,4,6.052,0,,6.052
61,Slovakia,2011,4,5.945,0,,5.945
61,Slovakia,2012,4,5.911,0,,5.911
61,Slovakia,2013,4,5.937,0,,5.937
61,Slovakia,2014,4,6.139,0,,6.139
61,Slovakia,2015,4,6.162,0,,6.162
61,Slovakia,2016,4,5.993,0,,5.993
61,Slovakia,2017,4,6.366,0,,6.366
62,Cuba,2005,12,0.000,1,5.892,5.892
62,Cuba,2006,12,5.418,0,,5.418
62,Cuba,2007,12,0.000,1,5.335,5.335
62,Cuba,2008,12,0.000,2,5.253,5.253
62,Cuba,2009,12,0.000,3,5.170,5.170
62,Cuba,2010,12,0.000,4,5.088,5.088
62,Cuba,2011,12,0.000,5,5.005,5.005
62,Cuba,2012,12,0.000,6,4.923,4.923
62,Cuba,2013,12,0.000,7,4.840,4.840
62,Cuba,2014,12,0.000,8,4.757,4.757
62,Cuba,2015,12,0.000,9,4.675,4.675
62,Cuba,2016,12,0.000,10,4.592,4.592
62,Cuba,2017,12,0.000,11,4.510,4.510
63,Sri Lanka,2005,2,0.000,12,4.427,4.427
63,Sri Lanka,2006,2,4.345,0,,4.345
63,Sri Lanka,2007,2,4.415,0,,4.415
63,Sri Lanka,2008,2,4.431,0,,4.431
63,Sri Lanka,2009,2,4.212,0,,4.212
63,Sri Lanka,2010,2,3.977,0,,3.977
63,Sri Lanka,2011,2,4.181,0,,4.181
63,Sri Lanka,2012,2,4.225,0,,4.225
63,Sri Lanka,2013,2,4.365,0,,4.365
63,Sri Lanka,2014,2,4.268,0,,4.268
63,Sri Lanka,2015,2,4.612,0,,4.612
63,Sri Lanka,2016,2,0.000,1,4.471,4.471
63,Sri Lanka,2017,2,4.331,0,,4.331
64,Ethiopia,2005,7,0.000,1,4.360,4.360
64,Ethiopia,2006,7,0.000,2,4.389,4.389
64,Ethiopia,2007,7,0.000,3,4.417,4.417
64,Ethiopia,2008,7,0.000,4,4.446,4.446
64,Ethiopia,2009,7,0.000,5,4.475,4.475
64,Ethiopia,2010,7,0.000,6,4.504,4.504
64,Ethiopia,2011,7,0.000,7,4.532,4.532
64,Ethiopia,2012,7,4.561,0,,4.561
64,Ethiopia,2013,7,4.445,0,,4.445
64,Ethiopia,2014,7,4.507,0,,4.507
64,Ethiopia,2015,7,4.573,0,,4.573
64,Ethiopia,2016,7,4.298,0,,4.298
64,Ethiopia,2017,7,4.180,0,,4.180
65,Dominican Republic,2005,1,0.000,1,4.634,4.634
65,Dominican Republic,2006,1,5.088,0,,5.088
65,Dominican Republic,2007,1,5.081,0,,5.081
65,Dominican Republic,2008,1,4.842,0,,4.842
65,Dominican Republic,2009,1,5.432,0,,5.432
65,Dominican Republic,2010,1,4.735,0,,4.735
65,Dominican Republic,2011,1,5.397,0,,5.397
65,Dominican Republic,2012,1,4.753,0,,4.753
65,Dominican Republic,2013,1,5.016,0,,5.016
65,Dominican Republic,2014,1,5.387,0,,5.387
65,Dominican Republic,2015,1,5.062,0,,5.062
65,Dominican Republic,2016,1,5.239,0,,5.239
65,Dominican Republic,2017,1,5.605,0,,5.605
66,Kenya,2005,1,0.000,1,4.914,4.914
66,Kenya,2006,1,4.223,0,,4.223
66,Kenya,2007,1,4.576,0,,4.576
66,Kenya,2008,1,4.015,0,,4.015
66,Kenya,2009,1,4.270,0,,4.270
66,Kenya,2010,1,4.256,0,,4.256
66,Kenya,2011,1,4.405,0,,4.405
66,Kenya,2012,1,4.547,0,,4.547
66,Kenya,2013,1,3.795,0,,3.795
66,Kenya,2014,1,4.905,0,,4.905
66,Kenya,2015,1,4.358,0,,4.358
66,Kenya,2016,1,4.396,0,,4.396
66,Kenya,2017,1,4.476,0,,4.476
67,Guatemala,2005,1,0.000,1,5.189,5.189
67,Guatemala,2006,1,5.901,0,,5.901
67,Guatemala,2007,1,6.330,0,,6.330
67,Guatemala,2008,1,6.414,0,,6.414
67,Guatemala,2009,1,6.452,0,,6.452
67,Guatemala,2010,1,6.290,0,,6.290
67,Guatemala,2011,1,5.743,0,,5.743
67,Guatemala,2012,1,5.856,0,,5.856
67,Guatemala,2013,1,5.985,0,,5.985
67,Guatemala,2014,1,6.536,0,,6.536
67,Guatemala,2015,1,6.465,0,,6.465
67,Guatemala,2016,1,6.359,0,,6.359
67,Guatemala,2017,1,6.325,0,,6.325
68,Uzbekistan,2005,2,0.000,1,5.779,5.779
68,Uzbekistan,2006,2,5.232,0,,5.232
68,Uzbekistan,2007,2,0.000,1,5.272,5.272
68,Uzbekistan,2008,2,5.311,0,,5.311
68,Uzbekistan,2009,2,5.261,0,,5.261
68,Uzbekistan,2010,2,5.095,0,,5.095
68,Uzbekistan,2011,2,5.739,0,,5.739
68,Uzbekistan,2012,2,6.019,0,,6.019
68,Uzbekistan,2013,2,5.940,0,,5.940
68,Uzbekistan,2014,2,6.049,0,,6.049
68,Uzbekistan,2015,2,5.972,0,,5.972
68,Uzbekistan,2016,2,5.893,0,,5.893
68,Uzbekistan,2017,2,6.421,0,,6.421
69,Oman,2005,12,0.000,1,6.483,6.483
69,Oman,2006,12,0.000,2,6.545,6.545
69,Oman,2007,12,0.000,3,6.606,6.606
69,Oman,2008,12,0.000,4,6.668,6.668
69,Oman,2009,12,0.000,5,6.730,6.730
69,Oman,2010,12,0.000,6,6.791,6.791
69,Oman,2011,12,6.853,0,,6.853
69,Oman,2012,12,0.000,1,6.681,6.681
69,Oman,2013,12,0.000,2,6.508,6.508
69,Oman,2014,12,0.000,3,6.336,6.336
69,Oman,2015,12,0.000,4,6.163,6.163
69,Oman,2016,12,0.000,5,5.991,5.991
69,Oman,2017,12,0.000,6,5.818,5.818
70,Myanmar,2005,7,0.000,7,5.646,5.646
70,Myanmar,2006,7,0.000,8,5.474,5.474
70,Myanmar,2007,7,0.000,9,5.301,5.301
70,Myanmar,2008,7,0.000,10,5.129,5.129
70,Myanmar,2009,7,0.000,11,4.956,4.956
70,Myanmar,2010,7,0.000,12,4.784,4.784
70,Myanmar,2011,7,0.000,13,4.611,4.611
70,Myanmar,2012,7,4.439,0,,4.439
70,Myanmar,2013,7,4.176,0,,4.176
70,Myanmar,2014,7,4.786,0,,4.786
70,Myanmar,2015,7,4.224,0,,4.224
70,Myanmar,2016,7,4.623,0,,4.623
70,Myanmar,2017,7,4.154,0,,4.154
71,Luxembourg,2005,4,0.000,1,4.715,4.715
71,Luxembourg,2006,4,0.000,2,5.276,5.276
71,Luxembourg,2007,4,0.000,3,5.836,5.836
71,Luxembourg,2008,4,0.000,4,6.397,6.397
71,Luxembourg,2009,4,6.958,0,,6.958
71,Luxembourg,2010,4,7.097,0,,7.097
71,Luxembourg,2011,4,7.101,0,,7.101
71,Luxembourg,2012,4,6.964,0,,6.964
71,Luxembourg,2013,4,7.131,0,,7.131
71,Luxembourg,2014,4,6.891,0,,6.891
71,Luxembourg,2015,4,6.702,0,,6.702
71,Luxembourg,2016,4,6.967,0,,6.967
71,Luxembourg,2017,4,7.061,0,,7.061
72,Costa Rica,2005,1,0.000,1,7.072,7.072
72,Costa Rica,2006,1,7.082,0,,7.082
72,Costa Rica,2007,1,7.432,0,,7.432
72,Costa Rica,2008,1,6.851,0,,6.851
72,Costa Rica,2009,1,7.615,0,,7.615
72,Costa Rica,2010,1,7.271,0,,7.271
72,Costa Rica,2011,1,7.229,0,,7.229
72,Costa Rica,2012,1,7.272,0,,7.272
72,Costa Rica,2013,1,7.158,0,,7.158
72,Costa Rica,2014,1,7.247,0,,7.247
72,Costa Rica,2015,1,6.854,0,,6.854
72,Costa Rica,2016,1,7.136,0,,7.136
72,Costa Rica,2017,1,7.225,0,,7.225
73,Panama,2005,1,0.000,1,6.677,6.677
73,Panama,2006,1,6.128,0,,6.128
73,Panama,2007,1,6.894,0,,6.894
73,Panama,2008,1,6.931,0,,6.931
73,Panama,2009,1,7.034,0,,7.034
73,Panama,2010,1,7.321,0,,7.321
73,Panama,2011,1,7.248,0,,7.248
73,Panama,2012,1,6.860,0,,6.860
73,Panama,2013,1,6.866,0,,6.866
73,Panama,2014,1,6.631,0,,6.631
73,Panama,2015,1,6.606,0,,6.606
73,Panama,2016,1,6.118,0,,6.118
73,Panama,2017,1,6.568,0,,6.568
74,Bulgaria,2005,4,0.000,1,5.660,5.660
74,Bulgaria,2006,4,0.000,2,4.752,4.752
74,Bulgaria,2007,4,3.844,0,,3.844
74,Bulgaria,2008,4,0.000,1,3.867,3.867
74,Bulgaria,2009,4,0.000,2,3.889,3.889
74,Bulgaria,2010,4,3.912,0,,3.912
74,Bulgaria,2011,4,3.875,0,,3.875
74,Bulgaria,2012,4,4.222,0,,4.222
74,Bulgaria,2013,4,3.993,0,,3.993
74,Bulgaria,2014,4,4.438,0,,4.438
74,Bulgaria,2015,4,4.865,0,,4.865
74,Bulgaria,2016,4,4.838,0,,4.838
74,Bulgaria,2017,4,5.097,0,,5.097
75,Uruguay,2005,1,0.000,1,5.441,5.441
75,Uruguay,2006,1,5.786,0,,5.786
75,Uruguay,2007,1,5.694,0,,5.694
75,Uruguay,2008,1,5.664,0,,5.664
75,Uruguay,2009,1,6.296,0,,6.296
75,Uruguay,2010,1,6.062,0,,6.062
75,Uruguay,2011,1,6.554,0,,6.554
75,Uruguay,2012,1,6.450,0,,6.450
75,Uruguay,2013,1,6.444,0,,6.444
75,Uruguay,2014,1,6.561,0,,6.561
75,Uruguay,2015,1,6.628,0,,6.628
75,Uruguay,2016,1,6.171,0,,6.171
75,Uruguay,2017,1,6.336,0,,6.336
76,Croatia,2005,3,0.000,1,6.164,6.164
76,Croatia,2006,3,0.000,2,5.993,5.993
76,Croatia,2007,3,5.821,0,,5.821
76,Croatia,2008,3,0.000,1,5.627,5.627
76,Croatia,2009,3,5.433,0,,5.433
76,Croatia,2010,3,5.596,0,,5.596
76,Croatia,2011,3,5.385,0,,5.385
76,Croatia,2012,3,6.028,0,,6.028
76,Croatia,2013,3,5.885,0,,5.885
76,Croatia,2014,3,5.381,0,,5.381
76,Croatia,2015,3,5.205,0,,5.205
76,Croatia,2016,3,5.417,0,,5.417
76,Croatia,2017,3,5.343,0,,5.343
77,Lebanon,2005,1,5.491,0,,5.491
77,Lebanon,2006,1,4.653,0,,4.653
77,Lebanon,2007,1,0.000,1,4.624,4.624
77,Lebanon,2008,1,4.595,0,,4.595
77,Lebanon,2009,1,5.206,0,,5.206
77,Lebanon,2010,1,5.032,0,,5.032
77,Lebanon,2011,1,5.188,0,,5.188
77,Lebanon,2012,1,4.573,0,,4.573
77,Lebanon,2013,1,4.983,0,,4.983
77,Lebanon,2014,1,5.233,0,,5.233
77,Lebanon,2015,1,5.172,0,,5.172
77,Lebanon,2016,1,5.271,0,,5.271
77,Lebanon,2017,1,5.154,0,,5.154
78,Belarus,2005,1,0.000,1,5.406,5.406
78,Belarus,2006,1,5.658,0,,5.658
78,Belarus,2007,1,5.617,0,,5.617
78,Belarus,2008,1,5.463,0,,5.463
78,Belarus,2009,1,5.564,0,,5.564
78,Belarus,2010,1,5.526,0,,5.526
78,Belarus,2011,1,5.225,0,,5.225
78,Belarus,2012,1,5.749,0,,5.749
78,Belarus,2013,1,5.876,0,,5.876
78,Belarus,2014,1,5.812,0,,5.812
78,Belarus,2015,1,5.719,0,,5.719
78,Belarus,2016,1,5.178,0,,5.178
78,Belarus,2017,1,5.553,0,,5.553
79,Tanzania,2005,1,0.000,1,4.738,4.738
79,Tanzania,2006,1,3.922,0,,3.922
79,Tanzania,2007,1,4.318,0,,4.318
79,Tanzania,2008,1,4.385,0,,4.385
79,Tanzania,2009,1,3.408,0,,3.408
79,Tanzania,2010,1,3.229,0,,3.229
79,Tanzania,2011,1,4.074,0,,4.074
79,Tanzania,2012,1,4.007,0,,4.007
79,Tanzania,2013,1,3.852,0,,3.852
79,Tanzania,2014,1,3.483,0,,3.483
79,Tanzania,2015,1,3.661,0,,3.661
79,Tanzania,2016,1,2.903,0,,2.903
79,Tanzania,2017,1,3.347,0,,3.347
80,Slovenia,2005,3,0.000,1,4.579,4.579
80,Slovenia,2006,3,5.811,0,,5.811
80,Slovenia,2007,3,0.000,1,5.818,5.818
80,Slovenia,2008,3,0.000,2,5.824,5.824
80,Slovenia,2009,3,5.830,0,,5.830
80,Slovenia,2010,3,6.083,0,,6.083
80,Slovenia,2011,3,6.036,0,,6.036
80,Slovenia,2012,3,6.063,0,,6.063
80,Slovenia,2013,3,5.975,0,,5.975
80,Slovenia,2014,3,5.678,0,,5.678
80,Slovenia,2015,3,5.741,0,,5.741
80,Slovenia,2016,3,5.937,0,,5.937
80,Slovenia,2017,3,6.167,0,,6.167
81,Lithuania,2005,1,0.000,1,6.061,6.061
81,Lithuania,2006,1,5.954,0,,5.954
81,Lithuania,2007,1,5.808,0,,5.808
81,Lithuania,2008,1,5.554,0,,5.554
81,Lithuania,2009,1,5.467,0,,5.467
81,Lithuania,2010,1,5.066,0,,5.066
81,Lithuania,2011,1,5.432,0,,5.432
81,Lithuania,2012,1,5.771,0,,5.771
81,Lithuania,2013,1,5.596,0,,5.596
81,Lithuania,2014,1,6.126,0,,6.126
81,Lithuania,2015,1,5.711,0,,5.711
81,Lithuania,2016,1,5.866,0,,5.866
81,Lithuania,2017,1,6.273,0,,6.273
82,Ghana,2005,1,0.000,1,5.404,5.404
82,Ghana,2006,1,4.535,0,,4.535
82,Ghana,2007,1,5.220,0,,5.220
82,Ghana,2008,1,4.965,0,,4.965
82,Ghana,2009,1,4.198,0,,4.198
82,Ghana,2010,1,4.606,0,,4.606
82,Ghana,2011,1,5.608,0,,5.608
82,Ghana,2012,1,5.057,0,,5.057
82,Ghana,2013,1,4.965,0,,4.965
82,Ghana,2014,1,3.860,0,,3.860
82,Ghana,2015,1,3.986,0,,3.986
82,Ghana,2016,1,4.514,0,,4.514
82,Ghana,2017,1,5.481,0,,5.481
83,Tunisia,2005,4,0.000,1,5.390,5.390
83,Tunisia,2006,4,0.000,2,5.299,5.299
83,Tunisia,2007,4,0.000,3,5.208,5.208
83,Tunisia,2008,4,0.000,4,5.117,5.117
83,Tunisia,2009,4,5.025,0,,5.025
83,Tunisia,2010,4,5.131,0,,5.131
83,Tunisia,2011,4,4.876,0,,4.876
83,Tunisia,2012,4,4.464,0,,4.464
83,Tunisia,2013,4,5.246,0,,5.246
83,Tunisia,2014,4,4.764,0,,4.764
83,Tunisia,2015,4,5.132,0,,5.132
83,Tunisia,2016,4,4.521,0,,4.521
83,Tunisia,2017,4,4.124,0,,4.124
84,Jordan,2005,1,6.295,0,,6.295
84,Jordan,2006,1,0.000,1,5.946,5.946
84,Jordan,2007,1,5.598,0,,5.598
84,Jordan,2008,1,4.930,0,,4.930
84,Jordan,2009,1,6.000,0,,6.000
84,Jordan,2010,1,5.570,0,,5.570
84,Jordan,2011,1,5.539,0,,5.539
84,Jordan,2012,1,5.132,0,,5.132
84,Jordan,2013,1,5.172,0,,5.172
84,Jordan,2014,1,5.333,0,,5.333
84,Jordan,2015,1,5.405,0,,5.405
84,Jordan,2016,1,5.271,0,,5.271
84,Jordan,2017,1,4.808,0,,4.808
85,Serbia,2005,3,0.000,1,4.789,4.789
85,Serbia,2006,3,0.000,2,4.770,4.770
85,Serbia,2007,3,4.750,0,,4.750
85,Serbia,2008,3,0.000,1,4.565,4.565
85,Serbia,2009,3,4.380,0,,4.380
85,Serbia,2010,3,4.461,0,,4.461
85,Serbia,2011,3,4.815,0,,4.815
85,Serbia,2012,3,5.155,0,,5.155
85,Serbia,2013,3,5.102,0,,5.102
85,Serbia,2014,3,5.113,0,,5.113
85,Serbia,2015,3,5.318,0,,5.318
85,Serbia,2016,3,5.753,0,,5.753
85,Serbia,2017,3,5.122,0,,5.122
86,Azerbaijan,2005,1,0.000,1,4.925,4.925
86,Azerbaijan,2006,1,4.728,0,,4.728
86,Azerbaijan,2007,1,4.568,0,,4.568
86,Azerbaijan,2008,1,4.817,0,,4.817
86,Azerbaijan,2009,1,4.574,0,,4.574
86,Azerbaijan,2010,1,4.219,0,,4.219
86,Azerbaijan,2011,1,4.680,0,,4.680
86,Azerbaijan,2012,1,4.911,0,,4.911
86,Azerbaijan,2013,1,5.481,0,,5.481
86,Azerbaijan,2014,1,5.252,0,,5.252
86,Azerbaijan,2015,1,5.147,0,,5.147
86,Azerbaijan,2016,1,5.304,0,,5.304
86,Azerbaijan,2017,1,5.152,0,,5.152
87,Ivory Coast,2005,7,0.000,1,4.961,4.961
87,Ivory Coast,2006,7,0.000,2,4.770,4.770
87,Ivory Coast,2007,7,0.000,3,4.579,4.579
87,Ivory Coast,2008,7,0.000,4,4.388,4.388
87,Ivory Coast,2009,7,4.197,0,,4.197
87,Ivory Coast,2010,7,0.000,1,4.083,4.083
87,Ivory Coast,2011,7,0.000,2,3.968,3.968
87,Ivory Coast,2012,7,0.000,3,3.854,3.854
87,Ivory Coast,2013,7,3.739,0,,3.739
87,Ivory Coast,2014,7,3.570,0,,3.570
87,Ivory Coast,2015,7,4.445,0,,4.445
87,Ivory Coast,2016,7,4.543,0,,4.543
87,Ivory Coast,2017,7,5.038,0,,5.038
88,Turkmenistan,2005,5,0.000,1,5.344,5.344
88,Turkmenistan,2006,5,0.000,2,5.650,5.650
88,Turkmenistan,2007,5,0.000,3,5.956,5.956
88,Turkmenistan,2008,5,0.000,4,6.262,6.262
88,Turkmenistan,2009,5,6.568,0,,6.568
88,Turkmenistan,2010,5,0.000,1,6.180,6.180
88,Turkmenistan,2011,5,5.792,0,,5.792
88,Turkmenistan,2012,5,5.464,0,,5.464
88,Turkmenistan,2013,5,5.392,0,,5.392
88,Turkmenistan,2014,5,5.787,0,,5.787
88,Turkmenistan,2015,5,5.791,0,,5.791
88,Turkmenistan,2016,5,5.887,0,,5.887
88,Turkmenistan,2017,5,5.229,0,,5.229
89,Congo (Brazzaville),2005,5,0.000,1,4.877,4.877
89,Congo (Brazzaville),2006,5,0.000,2,4.524,4.524
89,Congo (Brazzaville),2007,5,0.000,3,4.172,4.172
89,Congo (Brazzaville),2008,5,3.820,0,,3.820
89,Congo (Brazzaville),2009,5,0.000,1,4.050,4.050
89,Congo (Brazzaville),2010,5,0.000,2,4.280,4.280
89,Congo (Brazzaville),2011,5,4.510,0,,4.510
89,Congo (Brazzaville),2012,5,3.919,0,,3.919
89,Congo (Brazzaville),2013,5,3.955,0,,3.955
89,Congo (Brazzaville),2014,5,4.056,0,,4.056
89,Congo (Brazzaville),2015,5,4.691,0,,4.691
89,Congo (Brazzaville),2016,5,4.119,0,,4.119
89,Congo (Brazzaville),2017,5,4.884,0,,4.884
90,Bolivia,2005,1,0.000,1,5.129,5.129
90,Bolivia,2006,1,5.374,0,,5.374
90,Bolivia,2007,1,5.628,0,,5.628
90,Bolivia,2008,1,5.298,0,,5.298
90,Bolivia,2009,1,6.086,0,,6.086
90,Bolivia,2010,1,5.781,0,,5.781
90,Bolivia,2011,1,5.779,0,,5.779
90,Bolivia,2012,1,6.019,0,,6.019
90,Bolivia,2013,1,5.767,0,,5.767
90,Bolivia,2014,1,5.865,0,,5.865
90,Bolivia,2015,1,5.834,0,,5.834
90,Bolivia,2016,1,5.770,0,,5.770
90,Bolivia,2017,1,5.651,0,,5.651
91,Cameroon,2005,1,0.000,1,4.751,4.751
91,Cameroon,2006,1,3.851,0,,3.851
91,Cameroon,2007,1,4.350,0,,4.350
91,Cameroon,2008,1,4.292,0,,4.292
91,Cameroon,2009,1,4.741,0,,4.741
91,Cameroon,2010,1,4.554,0,,4.554
91,Cameroon,2011,1,4.434,0,,4.434
91,Cameroon,2012,1,4.245,0,,4.245
91,Cameroon,2013,1,4.271,0,,4.271
91,Cameroon,2014,1,4.240,0,,4.240
91,Cameroon,2015,1,5.038,0,,5.038
91,Cameroon,2016,1,4.816,0,,4.816
91,Cameroon,2017,1,5.074,0,,5.074
92,Bahrain,2005,4,0.000,1,5.199,5.199
92,Bahrain,2006,4,0.000,2,5.325,5.325
92,Bahrain,2007,4,0.000,3,5.450,5.450
92,Bahrain,2008,4,0.000,4,5.575,5.575
92,Bahrain,2009,4,5.701,0,,5.701
92,Bahrain,2010,4,5.937,0,,5.937
92,Bahrain,2011,4,4.824,0,,4.824
92,Bahrain,2012,4,5.027,0,,5.027
92,Bahrain,2013,4,6.690,0,,6.690
92,Bahrain,2014,4,6.165,0,,6.165
92,Bahrain,2015,4,6.007,0,,6.007
92,Bahrain,2016,4,6.170,0,,6.170
92,Bahrain,2017,4,6.227,0,,6.227
93,Latvia,2005,2,0.000,1,5.468,5.468
93,Latvia,2006,2,4.710,0,,4.710
93,Latvia,2007,2,4.667,0,,4.667
93,Latvia,2008,2,5.145,0,,5.145
93,Latvia,2009,2,4.669,0,,4.669
93,Latvia,2010,2,0.000,1,4.818,4.818
93,Latvia,2011,2,4.967,0,,4.967
93,Latvia,2012,2,5.125,0,,5.125
93,Latvia,2013,2,5.070,0,,5.070
93,Latvia,2014,2,5.729,0,,5.729
93,Latvia,2015,2,5.881,0,,5.881
93,Latvia,2016,2,5.940,0,,5.940
93,Latvia,2017,2,5.978,0,,5.978
94,Paraguay,2005,2,0.000,1,5.354,5.354
94,Paraguay,2006,2,4.730,0,,4.730
94,Paraguay,2007,2,5.272,0,,5.272
94,Paraguay,2008,2,5.570,0,,5.570
94,Paraguay,2009,2,5.576,0,,5.576
94,Paraguay,2010,2,5.841,0,,5.841
94,Paraguay,2011,2,5.677,0,,5.677
94,Paraguay,2012,2,5.820,0,,5.820
94,Paraguay,2013,2,5.936,0,,5.936
94,Paraguay,2014,2,5.119,0,,5.119
94,Paraguay,2015,2,5.560,0,,5.560
94,Paraguay,2016,2,5.801,0,,5.801
94,Paraguay,2017,2,0.000,1,5.470,5.470
95,Yemen,2005,3,0.000,2,5.139,5.139
95,Yemen,2006,3,0.000,3,4.808,4.808
95,Yemen,2007,3,4.477,0,,4.477
95,Yemen,2008,3,0.000,1,4.643,4.643
95,Yemen,2009,3,4.809,0,,4.809
95,Yemen,2010,3,4.350,0,,4.350
95,Yemen,2011,3,3.746,0,,3.746
95,Yemen,2012,3,4.061,0,,4.061
95,Yemen,2013,3,4.218,0,,4.218
95,Yemen,2014,3,3.968,0,,3.968
95,Yemen,2015,3,2.983,0,,2.983
95,Yemen,2016,3,3.826,0,,3.826
95,Yemen,2017,3,3.254,0,,3.254
96,El Salvador,2005,1,0.000,1,4.477,4.477
96,El Salvador,2006,1,5.701,0,,5.701
96,El Salvador,2007,1,5.296,0,,5.296
96,El Salvador,2008,1,5.191,0,,5.191
96,El Salvador,2009,1,6.839,0,,6.839
96,El Salvador,2010,1,6.740,0,,6.740
96,El Salvador,2011,1,4.741,0,,4.741
96,El Salvador,2012,1,5.934,0,,5.934
96,El Salvador,2013,1,6.325,0,,6.325
96,El Salvador,2014,1,5.857,0,,5.857
96,El Salvador,2015,1,6.018,0,,6.018
96,El Salvador,2016,1,6.140,0,,6.140
96,El Salvador,2017,1,6.339,0,,6.339
97,Uganda,2005,1,0.000,1,5.036,5.036
97,Uganda,2006,1,3.734,0,,3.734
97,Uganda,2007,1,4.456,0,,4.456
97,Uganda,2008,1,4.569,0,,4.569
97,Uganda,2009,1,4.612,0,,4.612
97,Uganda,2010,1,4.193,0,,4.193
97,Uganda,2011,1,4.826,0,,4.826
97,Uganda,2012,1,4.309,0,,4.309
97,Uganda,2013,1,3.710,0,,3.710
97,Uganda,2014,1,3.770,0,,3.770
97,Uganda,2015,1,4.238,0,,4.238
97,Uganda,2016,1,4.233,0,,4.233
97,Uganda,2017,1,4.001,0,,4.001
98,Estonia,2005,2,0.000,1,4.686,4.686
98,Estonia,2006,2,5.371,0,,5.371
98,Estonia,2007,2,5.332,0,,5.332
98,Estonia,2008,2,5.452,0,,5.452
98,Estonia,2009,2,5.138,0,,5.138
98,Estonia,2010,2,0.000,1,5.312,5.312
98,Estonia,2011,2,5.487,0,,5.487
98,Estonia,2012,2,5.364,0,,5.364
98,Estonia,2013,2,5.367,0,,5.367
98,Estonia,2014,2,5.556,0,,5.556
98,Estonia,2015,2,5.629,0,,5.629
98,Estonia,2016,2,5.650,0,,5.650
98,Estonia,2017,2,5.938,0,,5.938
99,Trinidad and Tobago,2005,8,0.000,1,5.885,5.885
99,Trinidad and Tobago,2006,8,5.832,0,,5.832
99,Trinidad and Tobago,2007,8,0.000,1,6.264,6.264
99,Trinidad and Tobago,2008,8,6.696,0,,6.696
99,Trinidad and Tobago,2009,8,0.000,1,6.637,6.637
99,Trinidad and Tobago,2010,8,0.000,2,6.578,6.578
99,Trinidad and Tobago,2011,8,6.519,0,,6.519
99,Trinidad and Tobago,2012,8,0.000,1,6.343,6.343
99,Trinidad and Tobago,2013,8,6.168,0,,6.168
99,Trinidad and Tobago,2014,8,0.000,1,6.174,6.174
99,Trinidad and Tobago,2015,8,0.000,2,6.180,6.180
99,Trinidad and Tobago,2016,8,0.000,3,6.186,6.186
99,Trinidad and Tobago,2017,8,6.192,0,,6.192
100,Honduras,2005,1,0.000,1,5.794,5.794
100,Honduras,2006,1,5.397,0,,5.397
100,Honduras,2007,1,5.097,0,,5.097
100,Honduras,2008,1,5.420,0,,5.420
100,Honduras,2009,1,6.033,0,,6.033
100,Honduras,2010,1,5.866,0,,5.866
100,Honduras,2011,1,4.961,0,,4.961
100,Honduras,2012,1,4.602,0,,4.602
100,Honduras,2013,1,4.713,0,,4.713
100,Honduras,2014,1,5.056,0,,5.056
100,Honduras,2015,1,4.845,0,,4.845
100,Honduras,2016,1,5.648,0,,5.648
100,Honduras,2017,1,6.020,0,,6.020
101,Nepal,2005,1,0.000,1,5.293,5.293
101,Nepal,2006,1,4.567,0,,4.567
101,Nepal,2007,1,4.748,0,,4.748
101,Nepal,2008,1,4.441,0,,4.441
101,Nepal,2009,1,4.917,0,,4.917
101,Nepal,2010,1,4.350,0,,4.350
101,Nepal,2011,1,3.809,0,,3.809
101,Nepal,2012,1,4.233,0,,4.233
101,Nepal,2013,1,4.605,0,,4.605
101,Nepal,2014,1,4.975,0,,4.975
101,Nepal,2015,1,4.812,0,,4.812
101,Nepal,2016,1,5.100,0,,5.100
101,Nepal,2017,1,4.737,0,,4.737
102,Zambia,2005,2,0.000,1,4.781,4.781
102,Zambia,2006,2,4.824,0,,4.824
102,Zambia,2007,2,3.998,0,,3.998
102,Zambia,2008,2,4.730,0,,4.730
102,Zambia,2009,2,5.260,0,,5.260
102,Zambia,2010,2,0.000,1,5.130,5.130
102,Zambia,2011,2,4.999,0,,4.999
102,Zambia,2012,2,5.013,0,,5.013
102,Zambia,2013,2,5.244,0,,5.244
102,Zambia,2014,2,4.346,0,,4.346
102,Zambia,2015,2,4.843,0,,4.843
102,Zambia,2016,2,4.348,0,,4.348
102,Zambia,2017,2,3.933,0,,3.933
103,Iceland,2005,7,0.000,1,4.672,4.672
103,Iceland,2006,7,0.000,2,5.411,5.411
103,Iceland,2007,7,0.000,3,6.149,6.149
103,Iceland,2008,7,6.888,0,,6.888
103,Iceland,2009,7,0.000,1,7.064,7.064
103,Iceland,2010,7,0.000,2,7.239,7.239
103,Iceland,2011,7,0.000,3,7.415,7.415
103,Iceland,2012,7,7.591,0,,7.591
103,Iceland,2013,7,7.501,0,,7.501
103,Iceland,2014,7,0.000,1,7.500,7.500
103,Iceland,2015,7,7.498,0,,7.498
103,Iceland,2016,7,7.510,0,,7.510
103,Iceland,2017,7,7.476,0,,7.476
104,Cyprus,2005,3,0.000,1,6.857,6.857
104,Cyprus,2006,3,6.238,0,,6.238
104,Cyprus,2007,3,0.000,1,6.436,6.436
104,Cyprus,2008,3,0.000,2,6.635,6.635
104,Cyprus,2009,3,6.833,0,,6.833
104,Cyprus,2010,3,6.387,0,,6.387
104,Cyprus,2011,3,6.690,0,,6.690
104,Cyprus,2012,3,6.181,0,,6.181
104,Cyprus,2013,3,5.439,0,,5.439
104,Cyprus,2014,3,5.627,0,,5.627
104,Cyprus,2015,3,5.439,0,,5.439
104,Cyprus,2016,3,5.795,0,,5.795
104,Cyprus,2017,3,6.062,0,,6.062
105,Cambodia,2005,1,0.000,1,4.815,4.815
105,Cambodia,2006,1,3.569,0,,3.569
105,Cambodia,2007,1,4.156,0,,4.156
105,Cambodia,2008,1,4.462,0,,4.462
105,Cambodia,2009,1,4.111,0,,4.111
105,Cambodia,2010,1,4.141,0,,4.141
105,Cambodia,2011,1,4.161,0,,4.161
105,Cambodia,2012,1,3.899,0,,3.899
105,Cambodia,2013,1,3.674,0,,3.674
105,Cambodia,2014,1,3.883,0,,3.883
105,Cambodia,2015,1,4.162,0,,4.162
105,Cambodia,2016,1,4.461,0,,4.461
105,Cambodia,2017,1,4.586,0,,4.586
106,Afghanistan,2005,3,0.000,1,4.370,4.370
106,Afghanistan,2006,3,0.000,2,4.155,4.155
106,Afghanistan,2007,3,0.000,3,3.939,3.939
106,Afghanistan,2008,3,3.724,0,,3.724
106,Afghanistan,2009,3,4.402,0,,4.402
106,Afghanistan,2010,3,4.758,0,,4.758
106,Afghanistan,2011,3,3.832,0,,3.832
106,Afghanistan,2012,3,3.783,0,,3.783
106,Afghanistan,2013,3,3.572,0,,3.572
106,Afghanistan,2014,3,3.131,0,,3.131
106,Afghanistan,2015,3,3.983,0,,3.983
106,Afghanistan,2016,3,4.220,0,,4.220
106,Afghanistan,2017,3,2.662,0,,2.662
107,Bosnia and Herzegovina,2005,3,0.000,1,3.408,3.408
107,Bosnia and Herzegovina,2006,3,0.000,2,4.154,4.154
107,Bosnia and Herzegovina,2007,3,4.900,0,,4.900
107,Bosnia and Herzegovina,2008,3,0.000,1,4.932,4.932
107,Bosnia and Herzegovina,2009,3,4.963,0,,4.963
107,Bosnia and Herzegovina,2010,3,4.669,0,,4.669
107,Bosnia and Herzegovina,2011,3,4.995,0,,4.995
107,Bosnia and Herzegovina,2012,3,4.773,0,,4.773
107,Bosnia and Herzegovina,2013,3,5.124,0,,5.124
107,Bosnia and Herzegovina,2014,3,5.249,0,,5.249
107,Bosnia and Herzegovina,2015,3,5.117,0,,5.117
107,Bosnia and Herzegovina,2016,3,5.181,0,,5.181
107,Bosnia and Herzegovina,2017,3,5.090,0,,5.090
108,Zimbabwe,2005,1,0.000,1,4.458,4.458
108,Zimbabwe,2006,1,3.826,0,,3.826
108,Zimbabwe,2007,1,3.280,0,,3.280
108,Zimbabwe,2008,1,3.174,0,,3.174
108,Zimbabwe,2009,1,4.056,0,,4.056
108,Zimbabwe,2010,1,4.682,0,,4.682
108,Zimbabwe,2011,1,4.846,0,,4.846
108,Zimbabwe,2012,1,4.955,0,,4.955
108,Zimbabwe,2013,1,4.690,0,,4.690
108,Zimbabwe,2014,1,4.184,0,,4.184
108,Zimbabwe,2015,1,3.703,0,,3.703
108,Zimbabwe,2016,1,3.735,0,,3.735
108,Zimbabwe,2017,1,3.638,0,,3.638
109,Laos,2005,7,0.000,1,4.357,4.357
109,Laos,2006,7,5.076,0,,5.076
109,Laos,2007,7,5.364,0,,5.364
109,Laos,2008,7,5.044,0,,5.044
109,Laos,2009,7,0.000,1,4.931,4.931
109,Laos,2010,7,0.000,2,4.817,4.817
109,Laos,2011,7,4.704,0,,4.704
109,Laos,2012,7,4.876,0,,4.876
109,Laos,2013,7,0.000,1,4.825,4.825
109,Laos,2014,7,0.000,2,4.775,4.775
109,Laos,2015,7,0.000,3,4.724,4.724
109,Laos,2016,7,0.000,4,4.674,4.674
109,Laos,2017,7,4.623,0,,4.623
110,Botswana,2005,3,0.000,1,4.681,4.681
110,Botswana,2006,3,4.739,0,,4.739
110,Botswana,2007,3,0.000,1,5.095,5.095
110,Botswana,2008,3,5.451,0,,5.451
110,Botswana,2009,3,0.000,1,4.502,4.502
110,Botswana,2010,3,3.553,0,,3.553
110,Botswana,2011,3,3.520,0,,3.520
110,Botswana,2012,3,4.836,0,,4.836
110,Botswana,2013,3,4.128,0,,4.128
110,Botswana,2014,3,4.031,0,,4.031
110,Botswana,2015,3,3.762,0,,3.762
110,Botswana,2016,3,3.499,0,,3.499
110,Botswana,2017,3,3.505,0,,3.505
111,Senegal,2005,1,0.000,1,3.961,3.961
111,Senegal,2006,1,4.417,0,,4.417
111,Senegal,2007,1,4.680,0,,4.680
111,Senegal,2008,1,4.683,0,,4.683
111,Senegal,2009,1,4.335,0,,4.335
111,Senegal,2010,1,4.372,0,,4.372
111,Senegal,2011,1,3.834,0,,3.834
111,Senegal,2012,1,3.669,0,,3.669
111,Senegal,2013,1,3.647,0,,3.647
111,Senegal,2014,1,4.395,0,,4.395
111,Senegal,2015,1,4.617,0,,4.617
111,Senegal,2016,1,4.595,0,,4.595
111,Senegal,2017,1,4.683,0,,4.683
112,Georgia,2005,1,0.000,1,4.179,4.179
112,Georgia,2006,1,3.675,0,,3.675
112,Georgia,2007,1,3.707,0,,3.707
112,Georgia,2008,1,4.156,0,,4.156
112,Georgia,2009,1,3.801,0,,3.801
112,Georgia,2010,1,4.102,0,,4.102
112,Georgia,2011,1,4.203,0,,4.203
112,Georgia,2012,1,4.254,0,,4.254
112,Georgia,2013,1,4.349,0,,4.349
112,Georgia,2014,1,4.288,0,,4.288
112,Georgia,2015,1,4.122,0,,4.122
112,Georgia,2016,1,4.448,0,,4.448
112,Georgia,2017,1,4.451,0,,4.451
113,Gabon,2005,6,0.000,1,4.423,4.423
113,Gabon,2006,6,0.000,2,4.395,4.395
113,Gabon,2007,6,0.000,3,4.367,4.367
113,Gabon,2008,6,0.000,4,4.339,4.339
113,Gabon,2009,6,0.000,5,4.311,4.311
113,Gabon,2010,6,0.000,6,4.283,4.283
113,Gabon,2011,6,4.255,0,,4.255
113,Gabon,2012,6,3.972,0,,3.972
113,Gabon,2013,6,3.800,0,,3.800
113,Gabon,2014,6,3.918,0,,3.918
113,Gabon,2015,6,4.661,0,,4.661
113,Gabon,2016,6,4.832,0,,4.832
113,Gabon,2017,6,4.782,0,,4.782
114,Jamaica,2005,8,0.000,1,5.495,5.495
114,Jamaica,2006,8,6.208,0,,6.208
114,Jamaica,2007,8,0.000,1,6.041,6.041
114,Jamaica,2008,8,0.000,2,5.875,5.875
114,Jamaica,2009,8,0.000,3,5.708,5.708
114,Jamaica,2010,8,0.000,4,5.541,5.541
114,Jamaica,2011,8,5.374,0,,5.374
114,Jamaica,2012,8,0.000,1,5.542,5.542
114,Jamaica,2013,8,5.709,0,,5.709
114,Jamaica,2014,8,5.311,0,,5.311
114,Jamaica,2015,8,0.000,1,5.504,5.504
114,Jamaica,2016,8,0.000,2,5.697,5.697
114,Jamaica,2017,8,5.890,0,,5.890
115,Mali,2005,2,0.000,1,4.952,4.952
115,Mali,2006,2,4.014,0,,4.014
115,Mali,2007,2,0.000,1,4.064,4.064
115,Mali,2008,2,4.115,0,,4.115
115,Mali,2009,2,3.977,0,,3.977
115,Mali,2010,2,3.762,0,,3.762
115,Mali,2011,2,4.667,0,,4.667
115,Mali,2012,2,4.313,0,,4.313
115,Mali,2013,2,3.676,0,,3.676
115,Mali,2014,2,3.975,0,,3.975
115,Mali,2015,2,4.582,0,,4.582
115,Mali,2016,2,4.016,0,,4.016
115,Mali,2017,2,4.742,0,,4.742
116,Nicaragua,2005,1,0.000,1,4.601,4.601
116,Nicaragua,2006,1,4.460,0,,4.460
116,Nicaragua,2007,1,4.944,0,,4.944
116,Nicaragua,2008,1,5.104,0,,5.104
116,Nicaragua,2009,1,5.353,0,,5.353
116,Nicaragua,2010,1,5.687,0,,5.687
116,Nicaragua,2011,1,5.386,0,,5.386
116,Nicaragua,2012,1,5.448,0,,5.448
116,Nicaragua,2013,1,5.772,0,,5.772
116,Nicaragua,2014,1,6.275,0,,6.275
116,Nicaragua,2015,1,5.924,0,,5.924
116,Nicaragua,2016,1,6.013,0,,6.013
116,Nicaragua,2017,1,6.476,0,,6.476
117,Mauritius,2005,9,0.000,1,6.334,6.334
117,Mauritius,2006,9,0.000,2,6.191,6.191
117,Mauritius,2007,9,0.000,3,6.048,6.048
117,Mauritius,2008,9,0.000,4,5.905,5.905
117,Mauritius,2009,9,0.000,5,5.763,5.763
117,Mauritius,2010,9,0.000,6,5.620,5.620
117,Mauritius,2011,9,5.477,0,,5.477
117,Mauritius,2012,9,0.000,1,5.534,5.534
117,Mauritius,2013,9,0.000,2,5.591,5.591
117,Mauritius,2014,9,5.648,0,,5.648
117,Mauritius,2015,9,0.000,1,5.629,5.629
117,Mauritius,2016,9,5.610,0,,5.610
117,Mauritius,2017,9,6.174,0,,6.174
118,Albania,2005,3,0.000,1,5.661,5.661
118,Albania,2006,3,0.000,2,5.148,5.148
118,Albania,2007,3,4.634,0,,4.634
118,Albania,2008,3,0.000,1,5.060,5.060
118,Albania,2009,3,5.485,0,,5.485
118,Albania,2010,3,5.269,0,,5.269
118,Albania,2011,3,5.867,0,,5.867
118,Albania,2012,3,5.510,0,,5.510
118,Albania,2013,3,4.551,0,,4.551
118,Albania,2014,3,4.814,0,,4.814
118,Albania,2015,3,4.607,0,,4.607
118,Albania,2016,3,4.511,0,,4.511
118,Albania,2017,3,4.640,0,,4.640
119,Burkina Faso,2005,2,0.000,1,4.221,4.221
119,Burkina Faso,2006,2,3.801,0,,3.801
119,Burkina Faso,2007,2,4.017,0,,4.017
119,Burkina Faso,2008,2,3.846,0,,3.846
119,Burkina Faso,2009,2,0.000,1,3.941,3.941
119,Burkina Faso,2010,2,4.036,0,,4.036
119,Burkina Faso,2011,2,4.785,0,,4.785
119,Burkina Faso,2012,2,3.955,0,,3.955
119,Burkina Faso,2013,2,3.326,0,,3.326
119,Burkina Faso,2014,2,3.481,0,,3.481
119,Burkina Faso,2015,2,4.419,0,,4.419
119,Burkina Faso,2016,2,4.206,0,,4.206
119,Burkina Faso,2017,2,4.647,0,,4.647
120,Mongolia,2005,3,0.000,1,4.634,4.634
120,Mongolia,2006,3,0.000,2,4.622,4.622
120,Mongolia,2007,3,4.609,0,,4.609
120,Mongolia,2008,3,4.493,0,,4.493
120,Mongolia,2009,3,0.000,1,4.539,4.539
120,Mongolia,2010,3,4.586,0,,4.586
120,Mongolia,2011,3,5.031,0,,5.031
120,Mongolia,2012,3,4.885,0,,4.885
120,Mongolia,2013,3,4.913,0,,4.913
120,Mongolia,2014,3,4.825,0,,4.825
120,Mongolia,2015,3,4.983,0,,4.983
120,Mongolia,2016,3,5.057,0,,5.057
120,Mongolia,2017,3,5.334,0,,5.334
121,Mozambique,2005,7,0.000,1,4.964,4.964
121,Mozambique,2006,7,4.595,0,,4.595
121,Mozambique,2007,7,4.833,0,,4.833
121,Mozambique,2008,7,4.654,0,,4.654
121,Mozambique,2009,7,0.000,1,4.759,4.759
121,Mozambique,2010,7,0.000,2,4.865,4.865
121,Mozambique,2011,7,4.971,0,,4.971
121,Mozambique,2012,7,0.000,1,4.866,4.866
121,Mozambique,2013,7,0.000,2,4.760,4.760
121,Mozambique,2014,7,0.000,3,4.655,4.655
121,Mozambique,2015,7,4.550,0,,4.550
121,Mozambique,2016,7,0.000,1,4.415,4.415
121,Mozambique,2017,7,4.280,0,,4.280
122,Malta,2005,4,0.000,1,4.689,4.689
122,Malta,2006,4,0.000,2,5.099,5.099
122,Malta,2007,4,0.000,3,5.509,5.509
122,Malta,2008,4,0.000,4,5.918,5.918
122,Malta,2009,4,6.328,0,,6.328
122,Malta,2010,4,5.774,0,,5.774
122,Malta,2011,4,6.155,0,,6.155
122,Malta,2012,4,5.963,0,,5.963
122,Malta,2013,4,6.380,0,,6.380
122,Malta,2014,4,6.452,0,,6.452
122,Malta,2015,4,6.613,0,,6.613
122,Malta,2016,4,6.591,0,,6.591
122,Malta,2017,4,6.676,0,,6.676
123,Namibia,2005,10,0.000,1,6.079,6.079
123,Namibia,2006,10,0.000,2,5.482,5.482
123,Namibia,2007,10,4.886,0,,4.886
123,Namibia,2008,10,0.000,1,4.841,4.841
123,Namibia,2009,10,0.000,2,4.797,4.797
123,Namibia,2010,10,0.000,3,4.752,4.752
123,Namibia,2011,10,0.000,4,4.708,4.708
123,Namibia,2012,10,0.000,5,4.663,4.663
123,Namibia,2013,10,0.000,6,4.619,4.619
123,Namibia,2014,10,4.574,0,,4.574
123,Namibia,2015,10,0.000,1,4.530,4.530
123,Namibia,2016,10,0.000,2,4.486,4.486
123,Namibia,2017,10,4.441,0,,4.441
124,Macedonia,2005,3,0.000,1,4.459,4.459
124,Macedonia,2006,3,0.000,2,4.476,4.476
124,Macedonia,2007,3,4.494,0,,4.494
124,Macedonia,2008,3,0.000,1,4.461,4.461
124,Macedonia,2009,3,4.428,0,,4.428
124,Macedonia,2010,3,4.180,0,,4.180
124,Macedonia,2011,3,4.898,0,,4.898
124,Macedonia,2012,3,4.640,0,,4.640
124,Macedonia,2013,3,5.186,0,,5.186
124,Macedonia,2014,3,5.204,0,,5.204
124,Macedonia,2015,3,4.976,0,,4.976
124,Macedonia,2016,3,5.346,0,,5.346
124,Macedonia,2017,3,5.234,0,,5.234
125,Armenia,2005,1,0.000,1,4.762,4.762
125,Armenia,2006,1,4.289,0,,4.289
125,Armenia,2007,1,4.882,0,,4.882
125,Armenia,2008,1,4.652,0,,4.652
125,Armenia,2009,1,4.178,0,,4.178
125,Armenia,2010,1,4.368,0,,4.368
125,Armenia,2011,1,4.260,0,,4.260
125,Armenia,2012,1,4.320,0,,4.320
125,Armenia,2013,1,4.277,0,,4.277
125,Armenia,2014,1,4.453,0,,4.453
125,Armenia,2015,1,4.348,0,,4.348
125,Armenia,2016,1,4.325,0,,4.325
125,Armenia,2017,1,4.288,0,,4.288
126,Madagascar,2005,4,0.000,1,4.134,4.134
126,Madagascar,2006,4,3.980,0,,3.980
126,Madagascar,2007,4,0.000,1,4.310,4.310
126,Madagascar,2008,4,4.640,0,,4.640
126,Madagascar,2009,4,0.000,1,4.554,4.554
126,Madagascar,2010,4,0.000,2,4.468,4.468
126,Madagascar,2011,4,4.381,0,,4.381
126,Madagascar,2012,4,3.551,0,,3.551
126,Madagascar,2013,4,3.816,0,,3.816
126,Madagascar,2014,4,3.676,0,,3.676
126,Madagascar,2015,4,3.593,0,,3.593
126,Madagascar,2016,4,3.663,0,,3.663
126,Madagascar,2017,4,4.079,0,,4.079
127,Chad,2005,1,0.000,1,3.757,3.757
127,Chad,2006,1,3.435,0,,3.435
127,Chad,2007,1,4.141,0,,4.141
127,Chad,2008,1,4.632,0,,4.632
127,Chad,2009,1,3.639,0,,3.639
127,Chad,2010,1,3.743,0,,3.743
127,Chad,2011,1,4.393,0,,4.393
127,Chad,2012,1,4.033,0,,4.033
127,Chad,2013,1,3.508,0,,3.508
127,Chad,2014,1,3.460,0,,3.460
127,Chad,2015,1,4.323,0,,4.323
127,Chad,2016,1,4.029,0,,4.029
127,Chad,2017,1,4.559,0,,4.559
128,South Sudan,2005,9,0.000,1,4.486,4.486
128,South Sudan,2006,9,0.000,2,4.414,4.414
128,South Sudan,2007,9,0.000,3,4.341,4.341
128,South Sudan,2008,9,0.000,4,4.268,4.268
128,South Sudan,2009,9,0.000,5,4.195,4.195
128,South Sudan,2010,9,0.000,6,4.123,4.123
128,South Sudan,2011,9,0.000,7,4.050,4.050
128,South Sudan,2012,9,0.000,8,3.977,3.977
128,South Sudan,2013,9,0.000,9,3.905,3.905
128,South Sudan,2014,9,3.832,0,,3.832
128,South Sudan,2015,9,4.071,0,,4.071
128,South Sudan,2016,9,2.888,0,,2.888
128,South Sudan,2017,9,2.817,0,,2.817
129,Benin,2005,4,0.000,1,3.073,3.073
129,Benin,2006,4,3.330,0,,3.330
129,Benin,2007,4,0.000,1,3.498,3.498
129,Benin,2008,4,3.667,0,,3.667
129,Benin,2009,4,0.000,1,3.735,3.735
129,Benin,2010,4,0.000,2,3.803,3.803
129,Benin,2011,4,3.870,0,,3.870
129,Benin,2012,4,3.193,0,,3.193
129,Benin,2013,4,3.479,0,,3.479
129,Benin,2014,4,3.347,0,,3.347
129,Benin,2015,4,3.625,0,,3.625
129,Benin,2016,4,4.007,0,,4.007
129,Benin,2017,4,4.853,0,,4.853
130,Rwanda,2005,4,0.000,1,4.534,4.534
130,Rwanda,2006,4,4.215,0,,4.215
130,Rwanda,2007,4,0.000,1,4.289,4.289
130,Rwanda,2008,4,4.363,0,,4.363
130,Rwanda,2009,4,4.030,0,,4.030
130,Rwanda,2010,4,0.000,1,4.064,4.064
130,Rwanda,2011,4,4.097,0,,4.097
130,Rwanda,2012,4,3.333,0,,3.333
130,Rwanda,2013,4,3.466,0,,3.466
130,Rwanda,2014,4,3.596,0,,3.596
130,Rwanda,2015,4,3.483,0,,3.483
130,Rwanda,2016,4,3.333,0,,3.333
130,Rwanda,2017,4,0.000,1,3.422,3.422
131,Guinea,2005,6,0.000,2,3.511,3.511
131,Guinea,2006,6,0.000,3,3.600,3.600
131,Guinea,2007,6,0.000,4,3.689,3.689
131,Guinea,2008,6,0.000,5,3.778,3.778
131,Guinea,2009,6,0.000,6,3.867,3.867
131,Guinea,2010,6,0.000,7,3.956,3.956
131,Guinea,2011,6,4.045,0,,4.045
131,Guinea,2012,6,3.652,0,,3.652
131,Guinea,2013,6,3.902,0,,3.902
131,Guinea,2014,6,3.412,0,,3.412
131,Guinea,2015,6,3.505,0,,3.505
131,Guinea,2016,6,3.603,0,,3.603
131,Guinea,2017,6,4.874,0,,4.874
132,Haiti,2005,3,0.000,1,4.314,4.314
132,Haiti,2006,3,3.754,0,,3.754
132,Haiti,2007,3,0.000,1,3.800,3.800
132,Haiti,2008,3,3.846,0,,3.846
132,Haiti,2009,3,0.000,1,3.806,3.806
132,Haiti,2010,3,3.766,0,,3.766
132,Haiti,2011,3,4.845,0,,4.845
132,Haiti,2012,3,4.413,0,,4.413
132,Haiti,2013,3,4.622,0,,4.622
132,Haiti,2014,3,3.889,0,,3.889
132,Haiti,2015,3,3.570,0,,3.570
132,Haiti,2016,3,3.352,0,,3.352
132,Haiti,2017,3,3.824,0,,3.824
133,Congo (Kinshasa),2005,5,0.000,1,3.856,3.856
133,Congo (Kinshasa),2006,5,0.000,2,3.888,3.888
133,Congo (Kinshasa),2007,5,0.000,3,3.920,3.920
133,Congo (Kinshasa),2008,5,0.000,4,3.952,3.952
133,Congo (Kinshasa),2009,5,3.984,0,,3.984
133,Congo (Kinshasa),2010,5,0.000,1,4.250,4.250
133,Congo (Kinshasa),2011,5,4.517,0,,4.517
133,Congo (Kinshasa),2012,5,4.639,0,,4.639
133,Congo (Kinshasa),2013,5,4.497,0,,4.497
133,Congo (Kinshasa),2014,5,4.414,0,,4.414
133,Congo (Kinshasa),2015,5,3.903,0,,3.903
133,Congo (Kinshasa),2016,5,4.522,0,,4.522
133,Congo (Kinshasa),2017,5,4.311,0,,4.311
134,Niger,2005,1,0.000,1,4.024,4.024
134,Niger,2006,1,3.737,0,,3.737
134,Niger,2007,1,4.277,0,,4.277
134,Niger,2008,1,4.236,0,,4.236
134,Niger,2009,1,4.267,0,,4.267
134,Niger,2010,1,4.101,0,,4.101
134,Niger,2011,1,4.556,0,,4.556
134,Niger,2012,1,3.798,0,,3.798
134,Niger,2013,1,3.716,0,,3.716
134,Niger,2014,1,4.181,0,,4.181
134,Niger,2015,1,3.671,0,,3.671
134,Niger,2016,1,4.235,0,,4.235
134,Niger,2017,1,4.616,0,,4.616
135,Tajikistan,2005,1,0.000,1,4.614,4.614
135,Tajikistan,2006,1,4.613,0,,4.613
135,Tajikistan,2007,1,4.432,0,,4.432
135,Tajikistan,2008,1,5.064,0,,5.064
135,Tajikistan,2009,1,4.575,0,,4.575
135,Tajikistan,2010,1,4.381,0,,4.381
135,Tajikistan,2011,1,4.263,0,,4.263
135,Tajikistan,2012,1,4.497,0,,4.497
135,Tajikistan,2013,1,4.967,0,,4.967
135,Tajikistan,2014,1,4.896,0,,4.896
135,Tajikistan,2015,1,5.124,0,,5.124
135,Tajikistan,2016,1,5.104,0,,5.104
135,Tajikistan,2017,1,5.829,0,,5.829
136,Moldova,2005,1,0.000,1,5.466,5.466
136,Moldova,2006,1,5.102,0,,5.102
136,Moldova,2007,1,4.775,0,,4.775
136,Moldova,2008,1,5.503,0,,5.503
136,Moldova,2009,1,5.554,0,,5.554
136,Moldova,2010,1,5.590,0,,5.590
136,Moldova,2011,1,5.792,0,,5.792
136,Moldova,2012,1,5.996,0,,5.996
136,Moldova,2013,1,5.756,0,,5.756
136,Moldova,2014,1,5.917,0,,5.917
136,Moldova,2015,1,6.017,0,,6.017
136,Moldova,2016,1,5.578,0,,5.578
136,Moldova,2017,1,5.326,0,,5.326
137,Kosovo,2005,2,0.000,1,5.252,5.252
137,Kosovo,2006,2,0.000,2,5.178,5.178
137,Kosovo,2007,2,5.104,0,,5.104
137,Kosovo,2008,2,5.522,0,,5.522
137,Kosovo,2009,2,5.891,0,,5.891
137,Kosovo,2010,2,5.177,0,,5.177
137,Kosovo,2011,2,4.860,0,,4.860
137,Kosovo,2012,2,5.640,0,,5.640
137,Kosovo,2013,2,6.126,0,,6.126
137,Kosovo,2014,2,5.000,0,,5.000
137,Kosovo,2015,2,5.077,0,,5.077
137,Kosovo,2016,2,5.759,0,,5.759
137,Kosovo,2017,2,6.149,0,,6.149
138,Somalia,2005,10,0.000,1,6.087,6.087
138,Somalia,2006,10,0.000,2,6.025,6.025
138,Somalia,2007,10,0.000,3,5.963,5.963
138,Somalia,2008,10,0.000,4,5.901,5.901
138,Somalia,2009,10,0.000,5,5.839,5.839
138,Somalia,2010,10,0.000,6,5.777,5.777
138,Somalia,2011,10,0.000,7,5.715,5.715
138,Somalia,2012,10,0.000,8,5.652,5.652
138,Somalia,2013,10,0.000,9,5.590,5.590
138,Somalia,2014,10,5.528,0,,5.528
138,Somalia,2015,10,5.354,0,,5.354
138,Somalia,2016,10,4.668,0,,4.668
138,Somalia,2017,10,0.000,1,4.389,4.389
139,Malawi,2005,3,0.000,2,4.109,4.109
139,Malawi,2006,3,3.830,0,,3.830
139,Malawi,2007,3,4.891,0,,4.891
139,Malawi,2008,3,0.000,1,5.020,5.020
139,Malawi,2009,3,5.148,0,,5.148
139,Malawi,2010,3,0.000,1,4.547,4.547
139,Malawi,2011,3,3.946,0,,3.946
139,Malawi,2012,3,4.279,0,,4.279
139,Malawi,2013,3,4.035,0,,4.035
139,Malawi,2014,3,4.563,0,,4.563
139,Malawi,2015,3,3.868,0,,3.868
139,Malawi,2016,3,3.476,0,,3.476
139,Malawi,2017,3,3.417,0,,3.417
140,Mauritania,2005,2,0.000,1,3.661,3.661
140,Mauritania,2006,2,0.000,2,3.905,3.905
140,Mauritania,2007,2,4.149,0,,4.149
140,Mauritania,2008,2,4.248,0,,4.248
140,Mauritania,2009,2,4.500,0,,4.500
140,Mauritania,2010,2,4.772,0,,4.772
140,Mauritania,2011,2,4.785,0,,4.785
140,Mauritania,2012,2,4.673,0,,4.673
140,Mauritania,2013,2,4.199,0,,4.199
140,Mauritania,2014,2,4.483,0,,4.483
140,Mauritania,2015,2,3.923,0,,3.923
140,Mauritania,2016,2,4.472,0,,4.472
140,Mauritania,2017,2,4.678,0,,4.678
141,Togo,2005,6,0.000,1,3.940,3.940
141,Togo,2006,6,3.202,0,,3.202
141,Togo,2007,6,0.000,1,3.005,3.005
141,Togo,2008,6,2.808,0,,2.808
141,Togo,2009,6,0.000,1,2.851,2.851
141,Togo,2010,6,0.000,2,2.893,2.893
141,Togo,2011,6,2.936,0,,2.936
141,Togo,2012,6,0.000,1,2.904,2.904
141,Togo,2013,6,0.000,2,2.871,2.871
141,Togo,2014,6,2.839,0,,2.839
141,Togo,2015,6,3.768,0,,3.768
141,Togo,2016,6,3.879,0,,3.879
141,Togo,2017,6,4.361,0,,4.361
142,Montenegro,2005,3,0.000,1,4.639,4.639
142,Montenegro,2006,3,0.000,2,4.918,4.918
142,Montenegro,2007,3,5.196,0,,5.196
142,Montenegro,2008,3,0.000,1,4.999,4.999
142,Montenegro,2009,3,4.801,0,,4.801
142,Montenegro,2010,3,5.455,0,,5.455
142,Montenegro,2011,3,5.223,0,,5.223
142,Montenegro,2012,3,5.219,0,,5.219
142,Montenegro,2013,3,5.074,0,,5.074
142,Montenegro,2014,3,5.283,0,,5.283
142,Montenegro,2015,3,5.125,0,,5.125
142,Montenegro,2016,3,5.304,0,,5.304
142,Montenegro,2017,3,5.615,0,,5.615
143,Sierra Leone,2005,3,0.000,1,4.621,4.621
143,Sierra Leone,2006,3,3.628,0,,3.628
143,Sierra Leone,2007,3,3.585,0,,3.585
143,Sierra Leone,2008,3,2.997,0,,2.997
143,Sierra Leone,2009,3,0.000,1,3.566,3.566
143,Sierra Leone,2010,3,4.134,0,,4.134
143,Sierra Leone,2011,3,4.502,0,,4.502
143,Sierra Leone,2012,3,0.000,1,4.508,4.508
143,Sierra Leone,2013,3,4.514,0,,4.514
143,Sierra Leone,2014,3,4.500,0,,4.500
143,Sierra Leone,2015,3,4.909,0,,4.909
143,Sierra Leone,2016,3,4.733,0,,4.733
143,Sierra Leone,2017,3,4.090,0,,4.090
144,Swaziland,2005,12,0.000,1,4.201,4.201
144,Swaziland,2006,12,0.000,2,4.312,4.312
144,Swaziland,2007,12,0.000,3,4.423,4.423
144,Swaziland,2008,12,0.000,4,4.534,4.534
144,Swaziland,2009,12,0.000,5,4.645,4.645
144,Swaziland,2010,12,0.000,6,4.756,4.756
144,Swaziland,2011,12,4.867,0,,4.867
144,Swaziland,2012,12,0.000,1,4.992,4.992
144,Swaziland,2013,12,0.000,2,5.117,5.117
144,Swaziland,2014,12,0.000,3,5.242,5.242
144,Swaziland,2015,12,0.000,4,5.367,5.367
144,Swaziland,2016,12,0.000,5,5.492,5.492
144,Swaziland,2017,12,0.000,6,5.618,5.618
145,Guyana,2005,12,0.000,7,5.743,5.743
145,Guyana,2006,12,0.000,8,5.868,5.868
145,Guyana,2007,12,5.993,0,,5.993
145,Guyana,2008,12,0.000,1,6.008,6.008
145,Guyana,2009,12,0.000,2,6.024,6.024
145,Guyana,2010,12,0.000,3,6.039,6.039
145,Guyana,2011,12,0.000,4,6.054,6.054
145,Guyana,2012,12,0.000,5,6.070,6.070
145,Guyana,2013,12,0.000,6,6.085,6.085
145,Guyana,2014,12,0.000,7,6.100,6.100
145,Guyana,2015,12,0.000,8,6.116,6.116
145,Guyana,2016,12,0.000,9,6.131,6.131
145,Guyana,2017,12,0.000,10,6.146,6.146
146,Suriname,2005,12,0.000,11,6.162,6.162
146,Suriname,2006,12,0.000,12,6.177,6.177
146,Suriname,2007,12,0.000,13,6.192,6.192
146,Suriname,2008,12,0.000,14,6.208,6.208
146,Suriname,2009,12,0.000,15,6.223,6.223
146,Suriname,2010,12,0.000,16,6.239,6.239
146,Suriname,2011,12,0.000,17,6.254,6.254
146,Suriname,2012,12,6.269,0,,6.269
146,Suriname,2013,12,0.000,1,5.969,5.969
146,Suriname,2014,12,0.000,2,5.668,5.668
146,Suriname,2015,12,0.000,3,5.367,5.367
146,Suriname,2016,12,0.000,4,5.067,5.067
146,Suriname,2017,12,0.000,5,4.766,4.766
147,Burundi,2005,9,0.000,6,4.465,4.465
147,Burundi,2006,9,0.000,7,4.165,4.165
147,Burundi,2007,9,0.000,8,3.864,3.864
147,Burundi,2008,9,3.563,0,,3.563
147,Burundi,2009,9,3.792,0,,3.792
147,Burundi,2010,9,0.000,1,3.749,3.749
147,Burundi,2011,9,3.706,0,,3.706
147,Burundi,2012,9,0.000,1,3.439,3.439
147,Burundi,2013,9,0.000,2,3.172,3.172
147,Burundi,2014,9,2.905,0,,2.905
147,Burundi,2015,9,0.000,1,3.104,3.104
147,Burundi,2016,9,0.000,2,3.303,3.303
147,Burundi,2017,9,0.000,3,3.502,3.502
148,Lesotho,2005,11,0.000,4,3.702,3.702
148,Lesotho,2006,11,0.000,5,3.901,3.901
148,Lesotho,2007,11,0.000,6,4.100,4.100
148,Lesotho,2008,11,0.000,7,4.300,4.300
148,Lesotho,2009,11,0.000,8,4.499,4.499
148,Lesotho,2010,11,0.000,9,4.698,4.698
148,Lesotho,2011,11,4.898,0,,4.898
148,Lesotho,2012,11,0.000,1,4.680,4.680
148,Lesotho,2013,11,0.000,2,4.462,4.462
148,Lesotho,2014,11,0.000,3,4.244,4.244
148,Lesotho,2015,11,0.000,4,4.026,4.026
148,Lesotho,2016,11,3.808,0,,3.808
148,Lesotho,2017,11,0.000,1,3.984,3.984
149,Bhutan,2005,10,0.000,2,4.160,4.160
149,Bhutan,2006,10,0.000,3,4.336,4.336
149,Bhutan,2007,10,0.000,4,4.513,4.513
149,Bhutan,2008,10,0.000,5,4.689,4.689
149,Bhutan,2009,10,0.000,6,4.865,4.865
149,Bhutan,2010,10,0.000,7,5.041,5.041
149,Bhutan,2011,10,0.000,8,5.217,5.217
149,Bhutan,2012,10,0.000,9,5.393,5.393
149,Bhutan,2013,10,5.569,0,,5.569
149,Bhutan,2014,10,4.939,0,,4.939
149,Bhutan,2015,10,5.082,0,,5.082
149,Bhutan,2016,10,0.000,1,4.806,4.806
149,Bhutan,2017,10,0.000,2,4.530,4.530
150,Liberia,2005,6,0.000,3,4.254,4.254
150,Liberia,2006,6,0.000,4,3.978,3.978
150,Liberia,2007,6,3.701,0,,3.701
150,Liberia,2008,6,4.221,0,,4.221
150,Liberia,2009,6,0.000,1,4.209,4.209
150,Liberia,2010,6,4.196,0,,4.196
150,Liberia,2011,6,0.000,1,4.290,4.290
150,Liberia,2012,6,0.000,2,4.384,4.384
150,Liberia,2013,6,0.000,3,4.478,4.478
150,Liberia,2014,6,4.571,0,,4.571
150,Liberia,2015,6,2.702,0,,2.702
150,Liberia,2016,6,3.355,0,,3.355
150,Liberia,2017,6,4.424,0,,4.424
151,Central African Republic,2005,8,0.000,1,4.336,4.336
151,Central African Republic,2006,8,0.000,2,4.248,4.248
151,Central African Republic,2007,8,4.160,0,,4.160
151,Central African Republic,2008,8,0.000,1,3.963,3.963
151,Central African Republic,2009,8,0.000,2,3.765,3.765
151,Central African Republic,2010,8,3.568,0,,3.568
151,Central African Republic,2011,8,3.678,0,,3.678
151,Central African Republic,2012,8,0.000,1,3.481,3.481
151,Central African Republic,2013,8,0.000,2,3.284,3.284
151,Central African Republic,2014,8,0.000,3,3.087,3.087
151,Central African Republic,2015,8,0.000,4,2.890,2.890
151,Central African Republic,2016,8,2.693,0,,2.693
151,Central African Republic,2017,8,3.476,0,,3.476
152,Belize,2005,11,0.000,1,4.467,4.467
152,Belize,2006,11,0.000,2,5.459,5.459
152,Belize,2007,11,6.451,0,,6.451
152,Belize,2008,11,0.000,1,6.380,6.380
152,Belize,2009,11,0.000,2,6.309,6.309
152,Belize,2010,11,0.000,3,6.239,6.239
152,Belize,2011,11,0.000,4,6.168,6.168
152,Belize,2012,11,0.000,5,6.097,6.097
152,Belize,2013,11,0.000,6,6.026,6.026
152,Belize,2014,11,5.956,0,,5.956
152,Belize,2015,11,0.000,1,5.820,5.820
152,Belize,2016,11,0.000,2,5.685,5.685
152,Belize,2017,11,0.000,3,5.550,5.550
153,Djibouti,2005,9,0.000,4,5.415,5.415
153,Djibouti,2006,9,0.000,5,5.280,5.280
153,Djibouti,2007,9,0.000,6,5.145,5.145
153,Djibouti,2008,9,5.009,0,,5.009
153,Djibouti,2009,9,4.906,0,,4.906
153,Djibouti,2010,9,5.006,0,,5.006
153,Djibouti,2011,9,4.369,0,,4.369
153,Djibouti,2012,9,0.000,1,3.745,3.745
153,Djibouti,2013,9,0.000,2,3.121,3.121
153,Djibouti,2014,9,0.000,3,2.497,2.497
153,Djibouti,2015,9,0.000,4,1.873,1.873
153,Djibouti,2016,9,0.000,5,1.248,1.248
153,Djibouti,2017,9,0.000,6,0.624,0.624
